unit_id,cycle,operating_setting_1,operating_setting_2,operating_setting_3,sensor_1,sensor_2,sensor_3,sensor_4,sensor_5,sensor_6,sensor_7,sensor_8,sensor_9,sensor_10,sensor_11,sensor_12,sensor_13,sensor_14,sensor_15,sensor_16,sensor_17,sensor_18,sensor_19,sensor_20,sensor_21
29,1,0.0042,-0.0,100.0,518.67,642.85,1590.52,1408.46,14.62,21.61,554.41,2388.04,9055.13,1.3,47.4,521.92,2388.02,8143.8,8.4185,0.03,393,2388,100.0,39.09,23.3381
29,2,0.0011,0.0004,100.0,518.67,642.27,1592.43,1408.53,14.62,21.61,553.71,2388.03,9060.3,1.3,47.27,521.77,2388.05,8140.58,8.4272,0.03,392,2388,100.0,38.84,23.335
29,3,0.0002,-0.0001,100.0,518.67,642.67,1587.06,1399.36,14.62,21.61,554.12,2388.11,9062.25,1.3,47.56,521.94,2388.08,8144.01,8.4103,0.03,393,2388,100.0,38.81,23.3956
29,4,0.001,-0.0005,100.0,518.67,642.7,1590.5,1404.58,14.62,21.61,554.62,2388.05,9070.14,1.3,47.35,522.65,2388.07,8145.94,8.4657,0.03,393,2388,100.0,38.89,23.3491
29,5,0.0006,-0.0005,100.0,518.67,642.76,1588.83,1405.83,14.62,21.61,553.38,2388.08,9062.12,1.3,47.4,521.66,2388.06,8140.63,8.4279,0.03,393,2388,100.0,38.88,23.2584
29,6,-0.0032,-0.0003,100.0,518.67,642.29,1587.25,1401.97,14.62,21.61,553.52,2388.08,9057.78,1.3,47.31,521.82,2388.03,8137.41,8.4409,0.03,393,2388,100.0,38.81,23.425
29,7,-0.0012,-0.0,100.0,518.67,641.61,1591.95,1410.22,14.62,21.61,553.67,2388.05,9060.72,1.3,47.31,521.88,2388.05,8140.89,8.4337,0.03,392,2388,100.0,38.85,23.4348
29,8,0.0028,0.0002,100.0,518.67,642.45,1581.85,1403.44,14.62,21.61,553.81,2388.01,9054.0,1.3,47.4,521.63,2388.07,8140.8,8.4199,0.03,393,2388,100.0,39.05,23.4201
29,9,-0.0024,0.0001,100.0,518.67,641.88,1586.87,1406.02,14.62,21.61,553.43,2388.02,9064.46,1.3,47.36,521.88,2388.02,8145.7,8.4254,0.03,392,2388,100.0,38.88,23.3746
29,10,-0.0005,-0.0002,100.0,518.67,642.61,1588.05,1402.72,14.62,21.61,554.02,2388.06,9058.27,1.3,47.43,522.33,2388.08,8140.65,8.4242,0.03,394,2388,100.0,38.84,23.357
29,11,-0.0011,-0.0,100.0,518.67,642.64,1585.48,1406.08,14.62,21.61,553.32,2388.07,9059.95,1.3,47.38,521.84,2388.06,8141.68,8.4439,0.03,392,2388,100.0,38.97,23.3476
29,12,0.0014,-0.0001,100.0,518.67,642.33,1591.01,1410.3,14.62,21.61,554.0,2388.11,9058.11,1.3,47.27,521.79,2388.07,8143.65,8.4137,0.03,393,2388,100.0,38.88,23.2505
29,13,0.0006,-0.0,100.0,518.67,642.25,1596.28,1403.02,14.62,21.61,554.06,2388.09,9060.55,1.3,47.39,521.9,2388.03,8144.47,8.3917,0.03,393,2388,100.0,38.87,23.2653
29,14,0.0008,0.0004,100.0,518.67,642.3,1593.51,1402.65,14.62,21.61,553.24,2388.06,9060.52,1.3,47.37,522.32,2388.03,8140.22,8.4174,0.03,392,2388,100.0,38.91,23.3366
29,15,-0.0013,0.0002,100.0,518.67,642.42,1587.53,1402.14,14.62,21.61,554.06,2388.07,9052.72,1.3,47.49,522.23,2388.03,8141.46,8.4243,0.03,393,2388,100.0,38.92,23.4404
29,16,-0.0008,-0.0,100.0,518.67,642.31,1585.86,1403.55,14.62,21.61,554.53,2388.06,9057.35,1.3,47.26,522.01,2388.09,8143.12,8.4339,0.03,394,2388,100.0,39.06,23.3746
29,17,0.0019,0.0004,100.0,518.67,642.3,1584.21,1406.37,14.62,21.61,553.6,2388.02,9066.63,1.3,47.42,522.32,2388.11,8137.84,8.4449,0.03,393,2388,100.0,38.79,23.2866
29,18,0.0012,0.0001,100.0,518.67,642.08,1582.08,1405.48,14.62,21.61,554.07,2388.09,9051.79,1.3,47.44,522.0,2388.03,8142.68,8.426,0.03,393,2388,100.0,38.69,23.4351
29,19,0.0005,-0.0,100.0,518.67,642.27,1585.7,1405.25,14.62,21.61,553.75,2388.04,9056.57,1.3,47.41,521.79,2388.02,8134.03,8.4269,0.03,392,2388,100.0,39.0,23.3546
29,20,0.0046,-0.0003,100.0,518.67,642.98,1591.52,1395.22,14.62,21.61,553.6,2388.06,9052.66,1.3,47.37,522.13,2388.08,8139.29,8.4345,0.03,394,2388,100.0,38.75,23.2417
29,21,-0.005,0.0003,100.0,518.67,642.35,1585.9,1403.4,14.62,21.61,553.99,2388.09,9062.84,1.3,47.47,522.22,2388.07,8141.07,8.4164,0.03,393,2388,100.0,38.94,23.4182
29,22,-0.0001,-0.0004,100.0,518.67,642.36,1581.65,1408.38,14.62,21.61,554.21,2388.05,9062.68,1.3,47.44,521.75,2388.1,8136.41,8.3917,0.03,391,2388,100.0,38.94,23.3777
29,23,-0.0004,-0.0004,100.0,518.67,642.08,1587.41,1412.34,14.62,21.61,553.7,2388.07,9061.03,1.3,47.42,521.63,2388.08,8134.13,8.4581,0.03,393,2388,100.0,38.82,23.4316
29,24,0.0021,-0.0003,100.0,518.67,642.36,1588.52,1397.33,14.62,21.61,553.69,2388.1,9061.12,1.3,47.44,521.6,2388.08,8146.26,8.4306,0.03,393,2388,100.0,38.9,23.3503
29,25,-0.0027,0.0002,100.0,518.67,642.7,1582.0,1410.1,14.62,21.61,553.69,2388.07,9071.3,1.3,47.5,521.73,2388.04,8133.97,8.4458,0.03,394,2388,100.0,38.99,23.3378
29,26,-0.0006,0.0003,100.0,518.67,642.85,1583.93,1403.11,14.62,21.61,553.81,2388.04,9063.81,1.3,47.34,521.35,2388.02,8139.72,8.4009,0.03,392,2388,100.0,38.87,23.3478
29,27,-0.0057,0.0002,100.0,518.67,642.14,1581.13,1407.01,14.62,21.61,553.58,2388.04,9066.07,1.3,47.34,521.39,2388.05,8142.54,8.4456,0.03,393,2388,100.0,38.82,23.2559
29,28,0.0003,0.0003,100.0,518.67,642.51,1584.15,1398.75,14.62,21.61,553.59,2388.07,9061.1,1.3,47.35,521.39,2388.09,8142.03,8.4323,0.03,392,2388,100.0,38.92,23.465
29,29,0.0013,-0.0003,100.0,518.67,642.71,1585.42,1405.28,14.62,21.61,554.41,2388.12,9059.45,1.3,47.54,521.37,2388.03,8142.06,8.4124,0.03,394,2388,100.0,39.1,23.3463
29,30,0.0006,-0.0003,100.0,518.67,642.24,1587.79,1406.81,14.62,21.61,553.53,2387.98,9060.19,1.3,47.46,520.94,2388.09,8141.55,8.4218,0.03,393,2388,100.0,39.03,23.2323
29,31,0.004,-0.0002,100.0,518.67,642.45,1594.38,1399.43,14.62,21.61,553.87,2388.04,9059.28,1.3,47.36,521.49,2388.04,8144.61,8.4422,0.03,392,2388,100.0,38.91,23.3552
29,32,-0.0005,-0.0001,100.0,518.67,642.92,1590.24,1408.76,14.62,21.61,553.55,2388.07,9052.32,1.3,47.44,521.86,2388.05,8136.62,8.4209,0.03,393,2388,100.0,38.84,23.2284
29,33,0.0034,0.0001,100.0,518.67,642.29,1587.38,1405.33,14.62,21.61,553.9,2388.08,9064.09,1.3,47.38,521.83,2388.05,8141.57,8.4567,0.03,391,2388,100.0,38.79,23.2188
29,34,-0.0014,-0.0003,100.0,518.67,642.04,1584.55,1399.59,14.62,21.61,553.88,2388.01,9064.43,1.3,47.41,521.4,2388.06,8144.93,8.4102,0.03,394,2388,100.0,39.11,23.4038
29,35,-0.0001,-0.0005,100.0,518.67,642.21,1584.01,1400.47,14.62,21.61,553.91,2388.09,9065.36,1.3,47.39,521.87,2388.03,8137.67,8.4419,0.03,392,2388,100.0,39.1,23.2586
29,36,-0.0036,0.0002,100.0,518.67,642.21,1593.72,1410.4,14.62,21.61,553.82,2388.09,9055.64,1.3,47.41,521.35,2388.09,8138.18,8.4093,0.03,392,2388,100.0,38.77,23.3937
29,37,0.0003,-0.0003,100.0,518.67,642.64,1586.85,1403.15,14.62,21.61,554.3,2388.04,9068.56,1.3,47.45,521.64,2388.04,8146.08,8.415,0.03,391,2388,100.0,39.09,23.3825
29,38,0.0014,-0.0004,100.0,518.67,642.33,1593.62,1407.88,14.62,21.61,553.59,2388.06,9070.89,1.3,47.52,521.74,2388.08,8139.29,8.4193,0.03,392,2388,100.0,38.87,23.4425
29,39,-0.0013,-0.0003,100.0,518.67,642.17,1589.75,1405.89,14.62,21.61,553.31,2388.07,9056.31,1.3,47.63,521.9,2388.0,8139.27,8.3858,0.03,393,2388,100.0,38.8,23.2171
29,40,0.0009,-0.0004,100.0,518.67,641.87,1592.14,1404.5,14.62,21.61,553.94,2388.06,9066.47,1.3,47.34,521.2,2388.08,8140.91,8.4476,0.03,392,2388,100.0,39.04,23.3557
29,41,0.0021,-0.0004,100.0,518.67,642.75,1588.17,1400.6,14.62,21.61,553.5,2388.08,9059.69,1.3,47.28,522.02,2388.08,8137.88,8.427,0.03,392,2388,100.0,38.82,23.4085
29,42,-0.0018,-0.0004,100.0,518.67,642.54,1594.11,1413.29,14.62,21.61,554.23,2388.03,9056.58,1.3,47.59,521.73,2388.07,8135.83,8.4339,0.03,392,2388,100.0,38.92,23.4157
29,43,-0.0011,0.0004,100.0,518.67,642.84,1579.13,1402.77,14.62,21.61,553.32,2388.07,9058.47,1.3,47.38,522.23,2388.09,8138.63,8.4515,0.03,395,2388,100.0,39.03,23.2494
29,44,0.0001,-0.0,100.0,518.67,642.41,1590.75,1404.87,14.62,21.61,553.63,2388.05,9064.51,1.3,47.55,521.86,2388.07,8138.48,8.42,0.03,391,2388,100.0,38.93,23.4377
29,45,-0.0021,-0.0004,100.0,518.67,642.65,1589.98,1405.61,14.62,21.61,553.94,2388.07,9049.95,1.3,47.65,521.67,2388.16,8142.23,8.4247,0.03,391,2388,100.0,38.62,23.2942
29,46,0.0014,0.0004,100.0,518.67,642.54,1592.27,1405.9,14.62,21.61,553.83,2388.05,9058.01,1.3,47.26,521.93,2388.08,8145.39,8.42,0.03,394,2388,100.0,38.88,23.304
29,47,-0.0004,-0.0003,100.0,518.67,642.31,1592.54,1403.83,14.62,21.61,553.58,2388.09,9060.07,1.3,47.52,521.45,2388.07,8139.28,8.4489,0.03,393,2388,100.0,39.0,23.3055
29,48,0.0008,0.0004,100.0,518.67,642.8,1590.68,1407.53,14.62,21.61,553.69,2388.07,9058.26,1.3,47.42,521.51,2388.04,8142.19,8.4089,0.03,394,2388,100.0,38.85,23.4088
29,49,0.0007,-0.0004,100.0,518.67,642.42,1589.29,1400.71,14.62,21.61,553.58,2388.03,9061.27,1.3,47.4,521.38,2388.12,8145.01,8.4488,0.03,392,2388,100.0,38.81,23.2926
29,50,-0.0021,-0.0001,100.0,518.67,642.5,1593.66,1408.29,14.62,21.61,553.78,2388.0,9059.66,1.3,47.23,521.92,2388.1,8138.68,8.4435,0.03,393,2388,100.0,38.9,23.3318
29,51,-0.0,-0.0004,100.0,518.67,642.32,1587.23,1404.18,14.62,21.61,553.14,2388.05,9060.94,1.3,47.35,521.59,2388.06,8141.5,8.454,0.03,392,2388,100.0,38.83,23.3531
29,52,0.0028,0.0001,100.0,518.67,642.25,1585.94,1405.53,14.62,21.61,553.01,2388.12,9058.0,1.3,47.39,521.98,2388.06,8143.98,8.4326,0.03,392,2388,100.0,38.78,23.371
29,53,-0.0018,-0.0005,100.0,518.67,642.69,1593.0,1411.38,14.62,21.61,553.37,2388.06,9063.91,1.3,47.52,521.73,2388.08,8141.0,8.4163,0.03,393,2388,100.0,38.89,23.3445
29,54,-0.0027,0.0002,100.0,518.67,642.55,1588.93,1406.28,14.62,21.61,553.6,2388.05,9052.65,1.3,47.36,521.28,2388.06,8143.54,8.4577,0.03,392,2388,100.0,38.78,23.2786
29,55,0.0012,-0.0004,100.0,518.67,642.29,1589.22,1404.2,14.62,21.61,553.71,2388.09,9059.92,1.3,47.41,521.22,2388.08,8139.53,8.4346,0.03,393,2388,100.0,38.76,23.3344
29,56,0.0007,-0.0004,100.0,518.67,642.46,1587.34,1413.81,14.62,21.61,552.88,2388.11,9062.1,1.3,47.46,521.13,2388.07,8138.7,8.4379,0.03,393,2388,100.0,38.77,23.3377
29,57,-0.0019,0.0002,100.0,518.67,642.43,1590.67,1405.7,14.62,21.61,553.66,2388.03,9060.52,1.3,47.16,521.42,2388.05,8141.53,8.4243,0.03,394,2388,100.0,38.79,23.2463
29,58,0.0003,-0.0,100.0,518.67,642.56,1586.28,1405.88,14.62,21.61,554.2,2388.08,9060.87,1.3,47.34,521.87,2388.06,8140.94,8.471,0.03,392,2388,100.0,38.78,23.2487
29,59,-0.0033,-0.0002,100.0,518.67,642.73,1588.07,1404.57,14.62,21.61,554.3,2388.03,9056.56,1.3,47.57,521.63,2388.09,8137.89,8.4431,0.03,392,2388,100.0,38.81,23.3123
29,60,-0.0024,-0.0001,100.0,518.67,642.91,1596.48,1408.44,14.62,21.61,554.0,2388.1,9054.74,1.3,47.42,521.71,2388.08,8139.69,8.4286,0.03,391,2388,100.0,39.02,23.344
29,61,-0.0013,0.0004,100.0,518.67,642.76,1587.13,1404.93,14.62,21.61,553.79,2388.04,9057.53,1.3,47.37,521.54,2388.12,8146.49,8.4338,0.03,392,2388,100.0,38.76,23.3172
29,62,-0.0039,-0.0005,100.0,518.67,642.98,1591.11,1411.53,14.62,21.61,553.62,2388.13,9059.24,1.3,47.27,521.49,2388.09,8139.99,8.4113,0.03,394,2388,100.0,38.87,23.2499
29,63,-0.0012,-0.0003,100.0,518.67,642.42,1595.21,1410.47,14.62,21.61,553.72,2388.07,9055.17,1.3,47.66,521.16,2388.07,8136.53,8.4345,0.03,392,2388,100.0,38.86,23.3052
29,64,0.0007,-0.0001,100.0,518.67,642.72,1588.87,1401.07,14.62,21.61,554.09,2388.08,9063.99,1.3,47.44,521.93,2388.13,8136.88,8.4288,0.03,394,2388,100.0,38.91,23.3943
29,65,0.0004,-0.0004,100.0,518.67,642.75,1589.52,1408.97,14.62,21.61,554.05,2388.06,9054.38,1.3,47.25,521.78,2388.08,8142.59,8.4441,0.03,393,2388,100.0,38.94,23.3387
29,66,0.0007,-0.0001,100.0,518.67,642.08,1587.83,1407.49,14.62,21.61,554.01,2388.06,9063.65,1.3,47.49,521.89,2388.11,8139.78,8.4248,0.03,394,2388,100.0,38.91,23.2546
29,67,-0.0024,0.0004,100.0,518.67,642.69,1591.11,1409.4,14.62,21.61,553.74,2388.12,9058.3,1.3,47.54,521.18,2388.11,8140.43,8.3944,0.03,394,2388,100.0,38.76,23.3968
29,68,0.0011,0.0003,100.0,518.67,642.51,1589.72,1411.4,14.62,21.61,552.98,2388.1,9064.81,1.3,47.61,521.02,2388.09,8137.52,8.4487,0.03,394,2388,100.0,38.77,23.3572
29,69,0.0012,-0.0005,100.0,518.67,642.66,1588.63,1408.37,14.62,21.61,553.89,2388.05,9062.94,1.3,47.59,521.44,2388.11,8138.57,8.4532,0.03,394,2388,100.0,38.95,23.2969
29,70,-0.0031,-0.0,100.0,518.67,642.13,1590.42,1410.46,14.62,21.61,552.94,2388.11,9058.36,1.3,47.53,522.32,2388.12,8142.04,8.3887,0.03,394,2388,100.0,38.97,23.4009
29,71,0.0044,0.0004,100.0,518.67,642.57,1592.09,1410.74,14.62,21.61,552.82,2388.11,9065.32,1.3,47.49,521.23,2388.09,8138.2,8.4584,0.03,393,2388,100.0,38.77,23.3319
29,72,0.0007,-0.0005,100.0,518.67,642.21,1598.89,1409.28,14.62,21.61,553.34,2388.04,9055.82,1.3,47.45,521.1,2388.11,8134.56,8.4548,0.03,392,2388,100.0,38.81,23.2863
29,73,-0.0024,0.0004,100.0,518.67,642.81,1584.99,1405.06,14.62,21.61,553.16,2388.11,9067.43,1.3,47.46,521.88,2388.08,8138.17,8.4496,0.03,393,2388,100.0,38.86,23.3287
29,74,0.004,0.0004,100.0,518.67,642.51,1582.53,1410.7,14.62,21.61,553.31,2388.04,9064.81,1.3,47.54,521.67,2388.1,8136.92,8.4618,0.03,392,2388,100.0,39.04,23.2955
29,75,-0.0006,-0.0002,100.0,518.67,642.85,1586.65,1404.89,14.62,21.61,553.58,2388.11,9061.1,1.3,47.48,521.39,2388.11,8131.57,8.4415,0.03,392,2388,100.0,38.67,23.2727
29,76,0.0031,0.0,100.0,518.67,642.22,1589.11,1410.47,14.62,21.61,553.61,2388.1,9060.11,1.3,47.59,521.33,2388.08,8140.47,8.4324,0.03,393,2388,100.0,38.55,23.3807
29,77,-0.0002,0.0003,100.0,518.67,642.64,1584.1,1416.36,14.62,21.61,553.3,2388.08,9060.12,1.3,47.4,521.32,2388.12,8140.07,8.4271,0.03,391,2388,100.0,38.69,23.3162
29,78,0.0005,-0.0004,100.0,518.67,642.49,1592.98,1409.51,14.62,21.61,554.2,2388.14,9054.85,1.3,47.47,521.65,2388.15,8137.65,8.4343,0.03,394,2388,100.0,38.71,23.3257
29,79,0.0033,-0.0004,100.0,518.67,642.5,1591.54,1410.23,14.62,21.61,552.9,2388.04,9063.15,1.3,47.62,521.83,2388.08,8137.18,8.4352,0.03,394,2388,100.0,38.85,23.2857
29,80,0.0028,-0.0001,100.0,518.67,642.06,1585.09,1406.91,14.62,21.61,554.23,2388.13,9049.22,1.3,47.42,521.12,2388.08,8137.37,8.4129,0.03,393,2388,100.0,38.86,23.3183
29,81,-0.0015,0.0002,100.0,518.67,642.41,1585.61,1412.4,14.62,21.61,553.63,2388.11,9061.33,1.3,47.55,521.88,2388.08,8139.91,8.4485,0.03,393,2388,100.0,38.69,23.2924
29,82,0.0041,-0.0002,100.0,518.67,643.11,1596.59,1414.97,14.62,21.61,552.89,2388.1,9058.45,1.3,47.53,521.73,2388.08,8139.19,8.4494,0.03,393,2388,100.0,38.87,23.3487
29,83,-0.0003,0.0004,100.0,518.67,642.96,1588.97,1411.11,14.62,21.61,553.63,2388.13,9067.49,1.3,47.64,521.69,2388.12,8138.66,8.417,0.03,393,2388,100.0,38.97,23.4481
29,84,-0.0004,-0.0004,100.0,518.67,643.15,1590.61,1405.25,14.62,21.61,553.04,2388.01,9056.96,1.3,47.54,521.4,2388.08,8139.33,8.4208,0.03,392,2388,100.0,38.7,23.3204
29,85,0.0015,-0.0004,100.0,518.67,642.76,1583.97,1407.34,14.62,21.61,553.77,2388.14,9064.14,1.3,47.62,521.01,2388.13,8135.67,8.4429,0.03,393,2388,100.0,38.8,23.309
29,86,-0.001,0.0003,100.0,518.67,642.59,1592.08,1404.47,14.62,21.61,552.75,2388.11,9056.78,1.3,47.61,521.07,2388.08,8141.93,8.4545,0.03,392,2388,100.0,38.86,23.3123
29,87,-0.0047,-0.0001,100.0,518.67,642.83,1588.33,1412.09,14.62,21.61,553.3,2388.04,9054.62,1.3,47.36,521.41,2388.08,8141.68,8.4799,0.03,394,2388,100.0,38.85,23.3301
29,88,-0.0008,0.0002,100.0,518.67,642.52,1594.56,1414.74,14.62,21.61,552.92,2388.11,9059.01,1.3,47.54,521.3,2388.05,8135.72,8.4119,0.03,392,2388,100.0,38.79,23.1874
29,89,-0.0011,0.0002,100.0,518.67,642.26,1585.46,1409.7,14.62,21.61,553.79,2388.09,9065.66,1.3,47.61,521.8,2388.1,8140.29,8.4873,0.03,393,2388,100.0,38.8,23.2674
29,90,-0.0025,0.0002,100.0,518.67,642.25,1589.78,1411.1,14.62,21.61,553.02,2388.08,9060.94,1.3,47.66,521.13,2388.13,8144.88,8.4561,0.03,393,2388,100.0,38.83,23.2668
29,91,0.0005,-0.0002,100.0,518.67,642.19,1590.99,1411.07,14.62,21.61,553.81,2388.12,9054.23,1.3,47.61,521.64,2388.09,8139.49,8.4483,0.03,393,2388,100.0,38.92,23.2542
29,92,0.0003,-0.0005,100.0,518.67,642.5,1591.97,1416.41,14.62,21.61,553.42,2388.08,9061.4,1.3,47.41,521.05,2388.13,8139.81,8.4555,0.03,395,2388,100.0,38.68,23.4089
29,93,-0.0043,-0.0001,100.0,518.67,643.14,1595.01,1411.22,14.62,21.61,553.42,2388.14,9062.98,1.3,47.42,521.94,2388.14,8147.41,8.47,0.03,392,2388,100.0,38.66,23.2239
29,94,-0.0001,-0.0002,100.0,518.67,642.58,1592.45,1414.23,14.62,21.61,553.89,2388.1,9061.8,1.3,47.47,521.55,2388.14,8138.31,8.488,0.03,392,2388,100.0,38.85,23.2988
29,95,0.0031,-0.0004,100.0,518.67,641.89,1591.75,1409.73,14.62,21.61,553.76,2388.07,9056.86,1.3,47.66,521.23,2388.11,8138.23,8.4144,0.03,395,2388,100.0,38.82,23.2802
29,96,-0.0027,-0.0002,100.0,518.67,642.65,1592.12,1413.75,14.62,21.61,552.98,2388.12,9065.47,1.3,47.46,521.49,2388.12,8142.78,8.4468,0.03,393,2388,100.0,38.74,23.3267
29,97,0.0005,-0.0,100.0,518.67,642.54,1593.44,1410.83,14.62,21.61,552.65,2388.14,9051.66,1.3,47.46,521.26,2388.18,8138.65,8.4721,0.03,394,2388,100.0,38.67,23.2543
29,98,-0.0012,0.0003,100.0,518.67,642.8,1598.0,1410.02,14.62,21.61,553.44,2388.12,9057.66,1.3,47.66,521.15,2388.17,8135.67,8.4745,0.03,393,2388,100.0,38.63,23.2863
29,99,-0.0031,0.0003,100.0,518.67,642.46,1590.4,1411.72,14.62,21.61,553.5,2388.15,9059.65,1.3,47.52,521.35,2388.11,8133.87,8.4346,0.03,394,2388,100.0,38.76,23.2885
29,100,-0.0034,0.0002,100.0,518.67,642.77,1587.67,1410.84,14.62,21.61,553.76,2388.12,9053.97,1.3,47.45,521.4,2388.12,8141.57,8.4466,0.03,394,2388,100.0,38.54,23.2642
29,101,-0.0004,0.0003,100.0,518.67,642.85,1597.05,1409.89,14.62,21.61,553.68,2388.13,9059.88,1.3,47.49,521.21,2388.13,8140.03,8.4499,0.03,394,2388,100.0,39.0,23.1997
29,102,-0.0007,0.0001,100.0,518.67,642.83,1603.18,1410.8,14.62,21.61,552.92,2388.1,9057.86,1.3,47.52,520.86,2388.14,8138.44,8.4729,0.03,392,2388,100.0,38.89,23.224
29,103,0.0016,0.0001,100.0,518.67,642.32,1593.7,1411.8,14.62,21.61,553.04,2388.06,9058.48,1.3,47.48,521.77,2388.1,8135.18,8.4196,0.03,392,2388,100.0,38.88,23.3564
29,104,0.0016,-0.0002,100.0,518.67,642.96,1587.18,1409.54,14.62,21.61,553.41,2388.17,9063.52,1.3,47.54,520.78,2388.1,8144.1,8.4546,0.03,393,2388,100.0,38.73,23.3004
29,105,-0.0027,-0.0005,100.0,518.67,643.01,1594.01,1407.43,14.62,21.61,553.59,2388.07,9056.45,1.3,47.54,521.15,2388.15,8141.57,8.4504,0.03,394,2388,100.0,38.93,23.1961
29,106,0.0015,0.0004,100.0,518.67,643.29,1589.44,1410.4,14.62,21.61,553.95,2388.09,9061.75,1.3,47.69,521.7,2388.17,8132.66,8.4372,0.03,392,2388,100.0,38.87,23.2473
29,107,0.0024,0.0,100.0,518.67,642.47,1594.61,1412.02,14.62,21.61,552.71,2388.1,9054.89,1.3,47.45,521.76,2388.13,8138.26,8.4584,0.03,394,2388,100.0,38.84,23.2846
29,108,-0.001,-0.0005,100.0,518.67,643.03,1589.46,1411.74,14.62,21.61,553.0,2388.16,9059.93,1.3,47.85,521.36,2388.09,8133.75,8.4335,0.03,392,2388,100.0,38.72,23.182
29,109,-0.0025,-0.0005,100.0,518.67,642.74,1592.08,1407.86,14.62,21.61,553.38,2388.13,9064.07,1.3,47.56,520.94,2388.12,8138.63,8.4252,0.03,394,2388,100.0,38.75,23.2085
29,110,0.0023,0.0004,100.0,518.67,642.29,1591.64,1411.12,14.62,21.61,552.48,2388.15,9056.94,1.3,47.5,521.81,2388.13,8137.14,8.5031,0.03,395,2388,100.0,38.67,23.2644
29,111,-0.0013,-0.0003,100.0,518.67,643.04,1591.07,1415.41,14.62,21.61,552.65,2388.1,9062.71,1.3,47.67,521.15,2388.17,8138.64,8.4877,0.03,395,2388,100.0,38.75,23.2797
29,112,-0.0012,-0.0002,100.0,518.67,642.58,1593.26,1416.98,14.62,21.61,553.1,2388.13,9057.42,1.3,47.54,521.44,2388.17,8139.58,8.4434,0.03,394,2388,100.0,38.63,23.3511
29,113,0.0028,-0.0005,100.0,518.67,643.39,1598.56,1411.18,14.62,21.61,553.39,2388.16,9059.06,1.3,47.34,520.97,2388.13,8139.55,8.4445,0.03,394,2388,100.0,38.79,23.2551
29,114,-0.0009,-0.0001,100.0,518.67,643.28,1587.42,1415.36,14.62,21.61,553.27,2388.17,9063.98,1.3,47.55,520.79,2388.1,8134.44,8.4782,0.03,395,2388,100.0,38.74,23.2443
29,115,0.001,0.0003,100.0,518.67,643.18,1595.31,1419.12,14.62,21.61,552.98,2388.16,9059.78,1.3,47.43,520.75,2388.11,8134.17,8.4422,0.03,395,2388,100.0,38.79,23.2769
29,116,0.001,0.0002,100.0,518.67,642.77,1597.18,1412.73,14.62,21.61,553.75,2388.11,9054.34,1.3,47.62,520.96,2388.15,8129.72,8.4833,0.03,395,2388,100.0,38.8,23.2955
29,117,-0.0019,-0.0003,100.0,518.67,642.42,1589.55,1420.57,14.62,21.61,553.08,2388.2,9056.27,1.3,47.67,520.66,2388.19,8134.22,8.4455,0.03,393,2388,100.0,38.9,23.3267
29,118,-0.001,0.0001,100.0,518.67,643.19,1591.57,1415.58,14.62,21.61,552.73,2388.11,9054.67,1.3,47.69,521.04,2388.08,8138.16,8.4533,0.03,393,2388,100.0,38.56,23.3099
29,119,0.0003,-0.0005,100.0,518.67,643.27,1593.88,1410.24,14.62,21.61,552.53,2388.16,9061.45,1.3,47.64,521.0,2388.13,8134.71,8.4675,0.03,393,2388,100.0,38.7,23.2147
29,120,-0.0012,-0.0003,100.0,518.67,643.29,1589.25,1414.59,14.62,21.61,552.05,2388.16,9049.77,1.3,47.74,521.07,2388.15,8135.07,8.5021,0.03,393,2388,100.0,38.83,23.2224
29,121,0.0058,0.0004,100.0,518.67,642.75,1598.28,1411.99,14.62,21.61,552.88,2388.12,9062.59,1.3,47.6,520.75,2388.17,8131.7,8.4637,0.03,393,2388,100.0,38.79,23.1366
29,122,0.0014,0.0003,100.0,518.67,642.58,1587.41,1414.2,14.62,21.61,553.02,2388.14,9059.42,1.3,47.68,521.09,2388.08,8137.02,8.4484,0.03,394,2388,100.0,38.68,23.1895
29,123,-0.0037,-0.0002,100.0,518.67,642.68,1600.99,1413.27,14.62,21.61,551.9,2388.18,9063.65,1.3,47.63,521.26,2388.1,8135.82,8.4743,0.03,394,2388,100.0,38.63,23.3333
29,124,-0.001,0.0001,100.0,518.67,643.01,1590.26,1407.55,14.62,21.61,552.02,2388.17,9057.47,1.3,47.74,520.95,2388.16,8133.5,8.4748,0.03,394,2388,100.0,38.9,23.2165
29,125,0.0016,-0.0005,100.0,518.67,643.31,1594.45,1415.69,14.62,21.61,552.95,2388.26,9056.2,1.3,47.61,520.8,2388.13,8133.41,8.4471,0.03,394,2388,100.0,38.67,23.1823
29,126,-0.0051,0.0,100.0,518.67,643.29,1595.55,1411.03,14.62,21.61,552.8,2388.17,9062.0,1.3,47.64,520.86,2388.16,8136.47,8.4753,0.03,395,2388,100.0,38.72,23.2725
29,127,0.0002,-0.0003,100.0,518.67,643.03,1585.74,1417.54,14.62,21.61,553.17,2388.19,9053.04,1.3,47.63,521.11,2388.15,8131.88,8.4711,0.03,394,2388,100.0,38.78,23.2037
29,128,0.0011,0.0001,100.0,518.67,643.21,1591.02,1416.66,14.62,21.61,553.27,2388.15,9044.15,1.3,47.73,520.83,2388.17,8137.32,8.4562,0.03,395,2388,100.0,38.66,23.2952
29,129,0.0001,0.0002,100.0,518.67,643.41,1593.99,1412.42,14.62,21.61,552.65,2388.12,9057.13,1.3,47.68,520.82,2388.2,8134.99,8.446,0.03,394,2388,100.0,38.63,23.2382
29,130,-0.0021,0.0003,100.0,518.67,643.07,1591.85,1414.17,14.62,21.61,551.93,2388.15,9064.25,1.3,47.68,520.69,2388.17,8134.76,8.4487,0.03,395,2388,100.0,38.49,23.1923
29,131,-0.0007,0.0002,100.0,518.67,643.1,1599.41,1417.77,14.62,21.61,553.15,2388.17,9056.81,1.3,47.91,521.06,2388.2,8137.56,8.4748,0.03,395,2388,100.0,38.88,23.1604
29,132,-0.0023,0.0004,100.0,518.67,643.55,1596.41,1413.39,14.62,21.61,552.31,2388.17,9060.86,1.3,47.64,520.13,2388.17,8127.7,8.4962,0.03,393,2388,100.0,38.61,23.2069
29,133,0.0029,0.0004,100.0,518.67,643.78,1591.12,1413.6,14.62,21.61,552.31,2388.19,9053.12,1.3,47.86,520.66,2388.2,8133.6,8.4606,0.03,394,2388,100.0,38.69,23.2293
29,134,0.002,-0.0003,100.0,518.67,643.14,1594.34,1416.93,14.62,21.61,552.73,2388.19,9050.56,1.3,47.8,521.16,2388.17,8133.95,8.4599,0.03,395,2388,100.0,38.76,23.1991
29,135,0.0012,0.0004,100.0,518.67,643.61,1593.7,1417.24,14.62,21.61,552.51,2388.21,9060.9,1.3,47.94,520.65,2388.18,8137.09,8.4756,0.03,394,2388,100.0,38.73,23.1565
29,136,-0.0011,-0.0005,100.0,518.67,643.09,1593.44,1415.61,14.62,21.61,553.04,2388.15,9060.64,1.3,47.98,520.37,2388.16,8135.69,8.4464,0.03,393,2388,100.0,38.57,23.1277
29,137,-0.001,-0.0001,100.0,518.67,642.9,1598.8,1415.59,14.62,21.61,552.61,2388.18,9057.58,1.3,47.75,520.57,2388.18,8130.9,8.4755,0.03,394,2388,100.0,38.59,23.1942
29,138,-0.0023,-0.0002,100.0,518.67,643.35,1595.62,1423.97,14.62,21.61,552.25,2388.19,9051.04,1.3,47.85,521.11,2388.2,8135.77,8.4981,0.03,395,2388,100.0,38.52,23.1024
29,139,-0.0013,0.0002,100.0,518.67,643.06,1594.37,1422.19,14.62,21.61,552.42,2388.21,9057.49,1.3,47.76,520.49,2388.24,8129.93,8.5011,0.03,395,2388,100.0,38.66,23.159
29,140,0.0003,0.0001,100.0,518.67,642.77,1593.08,1410.25,14.62,21.61,552.75,2388.17,9047.45,1.3,47.99,520.77,2388.21,8134.25,8.4807,0.03,395,2388,100.0,38.69,23.2421
29,141,0.0073,-0.0004,100.0,518.67,643.15,1597.9,1412.83,14.62,21.61,551.62,2388.2,9058.83,1.3,47.95,521.15,2388.2,8130.3,8.5035,0.03,394,2388,100.0,38.69,23.0989
29,142,-0.0004,0.0004,100.0,518.67,643.64,1597.65,1421.65,14.62,21.61,551.75,2388.2,9055.76,1.3,47.96,520.35,2388.21,8131.22,8.4563,0.03,394,2388,100.0,38.65,23.1193
29,143,-0.0002,-0.0004,100.0,518.67,643.12,1595.92,1425.19,14.62,21.61,552.37,2388.16,9052.15,1.3,47.88,520.03,2388.14,8135.91,8.4938,0.03,395,2388,100.0,38.62,23.1293
29,144,0.0031,0.0002,100.0,518.67,643.21,1597.41,1423.05,14.62,21.61,552.02,2388.26,9049.1,1.3,48.09,520.42,2388.21,8126.78,8.4722,0.03,396,2388,100.0,38.69,23.1591
29,145,0.0019,-0.0003,100.0,518.67,643.06,1595.74,1428.24,14.62,21.61,551.44,2388.23,9059.63,1.3,48.02,520.26,2388.24,8136.02,8.523,0.03,395,2388,100.0,38.67,23.1281
29,146,0.0002,0.0003,100.0,518.67,643.02,1596.75,1423.05,14.62,21.61,552.76,2388.25,9054.13,1.3,47.91,520.75,2388.2,8134.49,8.4835,0.03,396,2388,100.0,38.66,23.1447
29,147,-0.0028,0.0004,100.0,518.67,643.19,1603.73,1425.52,14.62,21.61,551.28,2388.24,9049.25,1.3,48.0,520.54,2388.2,8128.73,8.4898,0.03,395,2388,100.0,38.68,23.1474
29,148,0.0033,0.0001,100.0,518.67,643.39,1602.68,1415.21,14.62,21.61,552.25,2388.24,9051.27,1.3,47.99,520.34,2388.22,8128.43,8.4991,0.03,394,2388,100.0,38.58,23.1623
29,149,-0.0016,0.0001,100.0,518.67,643.24,1592.79,1412.74,14.62,21.61,552.15,2388.22,9052.96,1.3,48.08,520.3,2388.23,8127.87,8.5332,0.03,397,2388,100.0,38.59,23.0521
29,150,0.0004,0.0001,100.0,518.67,643.04,1603.57,1427.73,14.62,21.61,550.51,2388.31,9056.7,1.3,48.09,519.88,2388.18,8127.17,8.4913,0.03,396,2388,100.0,38.44,22.9954
29,151,-0.0009,0.0002,100.0,518.67,643.53,1596.63,1422.78,14.62,21.61,551.38,2388.24,9067.12,1.3,48.05,520.21,2388.26,8126.18,8.4931,0.03,395,2388,100.0,38.72,23.0602
29,152,0.0031,-0.0003,100.0,518.67,643.44,1594.06,1426.79,14.62,21.61,551.54,2388.26,9055.19,1.3,47.87,519.71,2388.25,8131.2,8.5332,0.03,395,2388,100.0,38.66,23.122
29,153,0.0025,0.0003,100.0,518.67,643.39,1601.06,1427.74,14.62,21.61,552.33,2388.29,9048.5,1.3,48.12,520.14,2388.25,8123.36,8.5429,0.03,394,2388,100.0,38.71,23.2336
29,154,-0.0009,0.0004,100.0,518.67,643.41,1606.05,1426.81,14.62,21.61,551.46,2388.25,9057.64,1.3,48.14,519.62,2388.25,8129.96,8.5158,0.03,397,2388,100.0,38.59,23.2242
29,155,-0.0007,-0.0004,100.0,518.67,643.86,1599.92,1422.72,14.62,21.61,551.64,2388.22,9055.4,1.3,48.12,519.35,2388.27,8127.57,8.4702,0.03,396,2388,100.0,38.54,23.228
29,156,0.0022,0.0002,100.0,518.67,643.58,1595.46,1423.41,14.62,21.61,552.1,2388.29,9043.78,1.3,48.06,520.19,2388.3,8131.85,8.5203,0.03,397,2388,100.0,38.4,23.1415
29,157,0.0026,-0.0003,100.0,518.67,643.02,1594.91,1430.84,14.62,21.61,551.65,2388.22,9058.03,1.3,48.19,519.91,2388.27,8122.86,8.5097,0.03,396,2388,100.0,38.59,23.127
29,158,-0.0013,-0.0003,100.0,518.67,643.36,1595.08,1429.63,14.62,21.61,551.3,2388.29,9051.99,1.3,48.16,519.54,2388.28,8124.77,8.514,0.03,397,2388,100.0,38.43,22.9654
29,159,-0.0007,-0.0001,100.0,518.67,643.91,1597.89,1434.55,14.62,21.61,551.36,2388.27,9050.75,1.3,48.23,520.07,2388.25,8126.74,8.5532,0.03,397,2388,100.0,38.48,23.0397
29,160,-0.0004,0.0001,100.0,518.67,643.89,1593.49,1432.16,14.62,21.61,551.64,2388.28,9049.57,1.3,48.22,518.95,2388.26,8127.64,8.5163,0.03,395,2388,100.0,38.59,23.0645
29,161,0.0041,-0.0001,100.0,518.67,643.29,1601.97,1431.39,14.62,21.61,551.44,2388.28,9049.43,1.3,48.12,519.89,2388.39,8128.02,8.5148,0.03,397,2388,100.0,38.55,22.9987
29,162,-0.0008,0.0003,100.0,518.67,644.1,1606.95,1430.41,14.62,21.61,551.57,2388.26,9051.52,1.3,48.23,519.97,2388.27,8122.3,8.4963,0.03,396,2388,100.0,38.65,23.0762
29,163,-0.0018,-0.0003,100.0,518.67,643.98,1598.93,1436.41,14.62,21.61,551.64,2388.23,9042.66,1.3,48.17,519.75,2388.26,8121.38,8.5641,0.03,396,2388,100.0,38.29,23.0583
48,1,0.0022,-0.0001,100.0,518.67,642.39,1576.34,1403.88,14.62,21.61,554.29,2388.01,9062.79,1.3,47.39,521.98,2388.02,8148.9,8.4149,0.03,391,2388,100.0,39.01,23.4323
48,2,0.0033,-0.0,100.0,518.67,642.06,1581.14,1401.49,14.62,21.61,554.11,2387.98,9065.1,1.3,47.26,522.48,2387.99,8144.72,8.4182,0.03,394,2388,100.0,39.0,23.3808
48,3,0.0026,-0.0004,100.0,518.67,642.07,1584.44,1404.37,14.62,21.61,554.97,2387.98,9060.38,1.3,47.38,522.65,2388.03,8145.33,8.3994,0.03,391,2388,100.0,39.17,23.4419
48,4,0.0004,-0.0002,100.0,518.67,642.16,1585.47,1395.88,14.62,21.61,553.67,2388.01,9066.63,1.3,47.39,522.38,2388.03,8148.32,8.4051,0.03,393,2388,100.0,39.21,23.2644
48,5,0.0022,0.0001,100.0,518.67,642.84,1586.98,1400.11,14.62,21.61,553.62,2387.98,9066.16,1.3,47.15,521.8,2388.04,8144.23,8.4181,0.03,394,2388,100.0,38.97,23.4096
48,6,0.0015,0.0002,100.0,518.67,642.25,1587.09,1404.26,14.62,21.61,554.68,2387.97,9066.56,1.3,47.32,522.38,2387.99,8146.34,8.4022,0.03,392,2388,100.0,38.89,23.3299
48,7,-0.004,0.0003,100.0,518.67,642.3,1582.04,1399.55,14.62,21.61,554.63,2387.98,9066.45,1.3,47.38,522.18,2388.03,8147.34,8.4022,0.03,391,2388,100.0,39.02,23.4346
48,8,0.0025,0.0001,100.0,518.67,641.9,1576.47,1397.54,14.62,21.61,553.93,2387.98,9064.2,1.3,47.46,522.15,2388.06,8141.87,8.4118,0.03,391,2388,100.0,39.12,23.3935
48,9,-0.0027,0.0001,100.0,518.67,642.04,1583.9,1396.15,14.62,21.61,554.66,2388.01,9068.56,1.3,47.16,522.13,2387.99,8144.64,8.4081,0.03,393,2388,100.0,38.96,23.3517
48,10,0.003,-0.0001,100.0,518.67,642.86,1583.54,1394.31,14.62,21.61,554.63,2388.0,9058.86,1.3,46.94,521.96,2387.96,8149.69,8.39,0.03,391,2388,100.0,39.01,23.5182
48,11,-0.0003,0.0005,100.0,518.67,642.33,1581.65,1401.42,14.62,21.61,554.17,2387.96,9065.92,1.3,47.27,521.87,2388.0,8150.89,8.4178,0.03,391,2388,100.0,38.85,23.4575
48,12,0.0006,0.0001,100.0,518.67,642.4,1590.97,1396.97,14.62,21.61,554.52,2388.03,9059.34,1.3,47.16,522.4,2388.01,8144.6,8.3824,0.03,391,2388,100.0,39.01,23.4385
48,13,0.0025,-0.0002,100.0,518.67,642.69,1581.93,1395.69,14.62,21.61,554.18,2388.03,9066.23,1.3,47.11,521.79,2387.97,8138.26,8.4151,0.03,392,2388,100.0,38.88,23.4703
48,14,-0.0,-0.0002,100.0,518.67,642.28,1587.36,1394.82,14.62,21.6,554.22,2388.02,9069.23,1.3,47.01,522.16,2388.03,8143.53,8.4054,0.03,390,2388,100.0,38.96,23.3859
48,15,-0.0036,-0.0001,100.0,518.67,642.17,1587.61,1394.65,14.62,21.6,554.16,2388.02,9070.49,1.3,47.31,522.47,2388.01,8148.07,8.4253,0.03,392,2388,100.0,39.14,23.4874
48,16,0.0007,0.0002,100.0,518.67,642.13,1586.28,1389.4,14.62,21.61,554.62,2387.98,9062.83,1.3,47.33,522.66,2387.99,8144.07,8.4081,0.03,392,2388,100.0,39.0,23.3461
48,17,0.0025,-0.0005,100.0,518.67,641.99,1588.51,1395.88,14.62,21.61,554.35,2387.95,9064.41,1.3,47.1,522.43,2388.03,8150.45,8.4168,0.03,392,2388,100.0,38.91,23.4134
48,18,0.0006,0.0001,100.0,518.67,641.72,1584.75,1396.3,14.62,21.61,553.76,2388.05,9058.29,1.3,47.12,522.21,2387.97,8150.72,8.425,0.03,391,2388,100.0,38.88,23.4058
48,19,-0.0012,-0.0004,100.0,518.67,642.57,1585.16,1395.01,14.62,21.61,554.61,2388.0,9061.12,1.3,47.38,522.46,2387.99,8143.83,8.4106,0.03,391,2388,100.0,38.91,23.3902
48,20,0.0006,0.0003,100.0,518.67,641.78,1584.29,1403.8,14.62,21.61,553.69,2388.01,9065.94,1.3,47.12,522.7,2387.99,8144.96,8.3923,0.03,392,2388,100.0,38.95,23.381
48,21,-0.0023,0.0004,100.0,518.67,641.93,1580.07,1398.66,14.62,21.61,554.15,2388.03,9064.54,1.3,47.18,522.21,2388.03,8147.33,8.3984,0.03,392,2388,100.0,39.07,23.4726
48,22,0.0031,0.0004,100.0,518.67,642.34,1585.29,1409.48,14.62,21.61,554.65,2388.04,9066.3,1.3,47.06,522.49,2387.99,8148.61,8.4103,0.03,393,2388,100.0,38.92,23.4722
48,23,-0.0004,0.0001,100.0,518.67,642.51,1572.34,1401.51,14.62,21.6,554.21,2388.03,9060.99,1.3,47.24,522.37,2388.03,8147.17,8.3828,0.03,392,2388,100.0,39.1,23.2976
48,24,-0.0023,0.0002,100.0,518.67,642.16,1587.86,1399.38,14.62,21.61,554.73,2388.04,9063.43,1.3,47.21,522.18,2388.04,8144.37,8.452,0.03,392,2388,100.0,38.97,23.4347
48,25,0.0007,0.0001,100.0,518.67,642.04,1581.05,1390.8,14.62,21.61,554.37,2388.03,9058.03,1.3,47.04,522.26,2388.01,8149.78,8.3806,0.03,392,2388,100.0,38.99,23.4623
48,26,0.0009,-0.0001,100.0,518.67,642.17,1588.21,1396.71,14.62,21.61,554.59,2388.02,9063.8,1.3,47.21,522.44,2388.06,8146.97,8.3984,0.03,390,2388,100.0,38.98,23.3157
48,27,0.0022,0.0001,100.0,518.67,642.32,1583.89,1395.44,14.62,21.61,554.17,2387.99,9063.6,1.3,47.44,522.13,2388.03,8150.42,8.4059,0.03,391,2388,100.0,38.99,23.435
48,28,0.0013,-0.0003,100.0,518.67,641.94,1578.18,1400.78,14.62,21.61,553.91,2388.01,9065.02,1.3,47.31,522.05,2387.99,8151.99,8.3972,0.03,391,2388,100.0,38.85,23.3393
48,29,0.0009,0.0002,100.0,518.67,641.87,1589.61,1396.77,14.62,21.61,553.84,2387.98,9066.41,1.3,47.1,522.45,2387.99,8147.49,8.4041,0.03,392,2388,100.0,39.09,23.4955
48,30,-0.001,-0.0,100.0,518.67,641.98,1590.33,1393.3,14.62,21.61,553.65,2388.02,9057.96,1.3,47.3,522.73,2388.0,8142.15,8.4048,0.03,391,2388,100.0,38.94,23.3828
48,31,0.0055,0.0004,100.0,518.67,642.28,1587.01,1398.14,14.62,21.61,553.86,2387.99,9067.04,1.3,47.28,521.99,2387.99,8149.31,8.4127,0.03,391,2388,100.0,39.25,23.3682
48,32,-0.0036,-0.0004,100.0,518.67,642.58,1584.43,1399.54,14.62,21.6,554.79,2388.01,9060.82,1.3,47.2,521.79,2388.01,8153.82,8.397,0.03,391,2388,100.0,38.96,23.4056
48,33,0.0013,-0.0001,100.0,518.67,642.27,1582.17,1398.03,14.62,21.61,554.42,2388.03,9059.03,1.3,47.24,522.48,2387.98,8142.09,8.4372,0.03,393,2388,100.0,38.91,23.3628
48,34,-0.0015,-0.0001,100.0,518.67,642.31,1576.99,1401.23,14.62,21.61,553.73,2387.99,9070.98,1.3,47.33,522.62,2388.01,8144.97,8.3651,0.03,392,2388,100.0,39.12,23.3232
48,35,0.0034,-0.0001,100.0,518.67,641.84,1583.47,1393.4,14.62,21.61,553.66,2388.03,9067.72,1.3,47.15,522.66,2388.08,8145.03,8.438,0.03,391,2388,100.0,38.72,23.4334
48,36,0.0001,0.0005,100.0,518.67,642.2,1589.6,1406.3,14.62,21.61,553.91,2387.98,9057.89,1.3,47.31,522.45,2388.06,8147.64,8.4164,0.03,390,2388,100.0,39.08,23.4601
48,37,-0.0011,0.0001,100.0,518.67,642.45,1583.54,1395.63,14.62,21.6,553.39,2388.02,9064.29,1.3,47.11,522.06,2388.03,8146.17,8.3687,0.03,392,2388,100.0,39.08,23.4468
48,38,0.0006,-0.0001,100.0,518.67,642.52,1583.12,1403.58,14.62,21.61,554.97,2387.99,9068.09,1.3,47.24,522.41,2388.01,8151.48,8.4222,0.03,392,2388,100.0,38.92,23.3366
48,39,-0.002,0.0004,100.0,518.67,642.17,1584.48,1403.94,14.62,21.61,553.5,2387.98,9067.03,1.3,47.29,522.2,2387.95,8149.6,8.3819,0.03,393,2388,100.0,39.09,23.3152
48,40,-0.0019,-0.0005,100.0,518.67,642.37,1580.52,1402.27,14.62,21.61,554.0,2388.01,9061.16,1.3,47.1,522.27,2387.99,8142.88,8.3993,0.03,392,2388,100.0,39.15,23.4574
48,41,0.0003,-0.0005,100.0,518.67,641.92,1592.88,1398.46,14.62,21.6,553.61,2387.97,9069.62,1.3,47.33,522.23,2388.02,8147.85,8.4133,0.03,392,2388,100.0,38.99,23.4511
48,42,-0.0002,-0.0004,100.0,518.67,641.86,1591.61,1396.98,14.62,21.61,554.32,2388.02,9060.38,1.3,47.13,522.2,2387.99,8147.53,8.3996,0.03,391,2388,100.0,38.82,23.4084
48,43,-0.0,-0.0002,100.0,518.67,641.95,1587.48,1398.16,14.62,21.61,553.89,2388.01,9068.92,1.3,47.07,521.94,2387.98,8144.91,8.4259,0.03,392,2388,100.0,38.89,23.2892
48,44,-0.0013,0.0005,100.0,518.67,642.02,1588.3,1400.69,14.62,21.6,554.58,2387.97,9063.5,1.3,47.05,522.01,2388.03,8146.44,8.3957,0.03,391,2388,100.0,39.05,23.4356
48,45,0.0005,0.0001,100.0,518.67,642.43,1583.17,1406.77,14.62,21.61,554.8,2388.04,9063.39,1.3,47.16,522.12,2388.07,8137.78,8.3878,0.03,392,2388,100.0,38.72,23.3696
48,46,0.0015,0.0001,100.0,518.67,642.1,1591.04,1404.53,14.62,21.61,554.63,2388.05,9067.78,1.3,47.21,522.69,2388.0,8149.34,8.3794,0.03,391,2388,100.0,39.06,23.3096
48,47,0.001,-0.0005,100.0,518.67,642.22,1586.22,1394.9,14.62,21.61,554.28,2388.04,9062.28,1.3,47.24,521.99,2388.04,8147.93,8.4026,0.03,394,2388,100.0,39.0,23.3863
48,48,0.0022,-0.0001,100.0,518.67,641.83,1583.38,1396.86,14.62,21.61,554.11,2388.01,9068.76,1.3,47.27,522.09,2387.94,8148.96,8.4226,0.03,391,2388,100.0,39.01,23.3603
48,49,-0.0025,0.0001,100.0,518.67,642.54,1589.97,1408.52,14.62,21.61,554.07,2388.01,9063.1,1.3,47.2,522.41,2387.97,8149.09,8.3885,0.03,390,2388,100.0,39.16,23.4253
48,50,0.0009,0.0002,100.0,518.67,642.12,1590.3,1400.48,14.62,21.61,554.59,2388.01,9064.86,1.3,47.23,522.22,2388.02,8143.03,8.4059,0.03,392,2388,100.0,39.09,23.3963
48,51,0.002,-0.0003,100.0,518.67,642.23,1581.67,1400.15,14.62,21.61,554.36,2388.02,9075.25,1.3,47.16,522.16,2387.96,8145.58,8.3767,0.03,391,2388,100.0,39.04,23.2452
48,52,0.0001,0.0,100.0,518.67,642.28,1584.95,1401.76,14.62,21.61,555.14,2388.01,9074.72,1.3,47.28,522.75,2388.0,8149.61,8.4004,0.03,391,2388,100.0,39.04,23.4298
48,53,0.0047,-0.0,100.0,518.67,642.13,1584.49,1400.43,14.62,21.61,553.53,2388.05,9063.24,1.3,47.29,522.26,2388.03,8144.72,8.3792,0.03,394,2388,100.0,38.83,23.353
48,54,-0.0021,0.0004,100.0,518.67,642.54,1575.01,1399.05,14.62,21.61,554.41,2387.98,9062.43,1.3,47.15,522.06,2388.04,8145.85,8.3645,0.03,392,2388,100.0,38.84,23.3466
48,55,0.0013,0.0003,100.0,518.67,642.5,1583.85,1400.9,14.62,21.61,554.84,2387.98,9063.16,1.3,47.1,522.16,2388.02,8145.11,8.4213,0.03,393,2388,100.0,39.06,23.371
48,56,-0.001,-0.0001,100.0,518.67,642.25,1587.02,1391.58,14.62,21.61,554.32,2387.99,9067.49,1.3,47.12,522.82,2388.04,8144.19,8.3953,0.03,391,2388,100.0,38.95,23.3373
48,57,-0.0008,-0.0003,100.0,518.67,642.18,1590.35,1403.2,14.62,21.61,554.58,2388.0,9067.11,1.3,47.16,522.52,2388.07,8147.8,8.3906,0.03,392,2388,100.0,38.92,23.3417
48,58,-0.0024,0.0001,100.0,518.67,642.01,1585.1,1402.41,14.62,21.61,553.88,2388.08,9067.43,1.3,47.22,522.39,2387.95,8145.18,8.3903,0.03,392,2388,100.0,39.03,23.3852
48,59,0.0009,-0.0002,100.0,518.67,642.23,1578.8,1398.39,14.62,21.61,554.36,2387.98,9072.79,1.3,47.23,522.31,2388.01,8151.67,8.4242,0.03,393,2388,100.0,38.92,23.3584
48,60,0.0012,0.0003,100.0,518.67,641.96,1586.16,1392.42,14.62,21.6,553.8,2387.96,9064.01,1.3,47.23,522.15,2388.01,8146.22,8.4251,0.03,391,2388,100.0,38.9,23.3977
48,61,0.0009,0.0002,100.0,518.67,642.01,1586.52,1399.36,14.62,21.61,554.68,2388.03,9068.8,1.3,47.34,522.13,2388.02,8147.89,8.4184,0.03,392,2388,100.0,38.78,23.3682
48,62,-0.0039,-0.0004,100.0,518.67,641.88,1592.04,1403.23,14.62,21.61,554.29,2388.03,9061.83,1.3,47.14,522.32,2387.96,8143.83,8.3932,0.03,391,2388,100.0,38.95,23.4076
48,63,-0.0015,-0.0003,100.0,518.67,641.88,1585.01,1398.86,14.62,21.61,553.58,2388.01,9069.38,1.3,47.18,522.46,2387.95,8152.55,8.4306,0.03,392,2388,100.0,38.99,23.4837
48,64,0.0003,-0.0003,100.0,518.67,642.28,1586.88,1399.85,14.62,21.61,554.68,2388.0,9072.85,1.3,47.32,522.11,2387.99,8150.85,8.3648,0.03,391,2388,100.0,39.03,23.4145
48,65,-0.0005,0.0004,100.0,518.67,642.23,1587.09,1392.72,14.62,21.61,554.3,2388.01,9071.08,1.3,47.35,522.83,2388.06,8152.6,8.3833,0.03,392,2388,100.0,39.2,23.4317
48,66,0.0034,0.0004,100.0,518.67,642.39,1580.02,1406.96,14.62,21.61,554.61,2388.02,9060.34,1.3,47.3,522.32,2387.93,8151.18,8.4118,0.03,391,2388,100.0,39.03,23.5172
48,67,0.0032,0.0002,100.0,518.67,642.53,1585.13,1404.21,14.62,21.6,554.45,2388.04,9065.13,1.3,47.23,522.41,2388.07,8148.25,8.3907,0.03,392,2388,100.0,39.03,23.3576
48,68,-0.0015,-0.0,100.0,518.67,642.23,1583.38,1401.44,14.62,21.61,554.36,2388.0,9058.48,1.3,47.19,522.09,2387.98,8152.3,8.3949,0.03,391,2388,100.0,39.13,23.4937
48,69,-0.0004,0.0001,100.0,518.67,642.17,1582.02,1396.62,14.62,21.61,554.35,2388.02,9068.0,1.3,47.26,522.32,2388.0,8151.2,8.4017,0.03,391,2388,100.0,39.08,23.4277
48,70,-0.0024,-0.0002,100.0,518.67,642.53,1588.61,1401.9,14.62,21.61,554.0,2388.0,9067.82,1.3,47.27,522.97,2387.95,8146.86,8.4117,0.03,393,2388,100.0,39.03,23.3765
48,71,-0.0014,-0.0005,100.0,518.67,642.39,1585.74,1399.17,14.62,21.61,554.48,2388.06,9065.38,1.3,47.29,521.69,2388.05,8147.57,8.4387,0.03,392,2388,100.0,39.17,23.4199
48,72,0.0024,-0.0003,100.0,518.67,642.08,1589.47,1400.71,14.62,21.6,554.59,2387.98,9065.25,1.3,47.2,521.78,2388.0,8145.02,8.3982,0.03,392,2388,100.0,39.03,23.3513
48,73,0.001,0.0002,100.0,518.67,642.27,1590.06,1397.73,14.62,21.61,554.35,2388.02,9064.3,1.3,47.17,522.8,2388.01,8151.58,8.4124,0.03,393,2388,100.0,39.04,23.3671
48,74,0.0021,-0.0003,100.0,518.67,642.03,1578.3,1400.9,14.62,21.61,554.04,2387.98,9073.84,1.3,47.39,522.45,2387.99,8151.75,8.4105,0.03,391,2388,100.0,38.95,23.3725
48,75,0.0009,-0.0001,100.0,518.67,642.01,1587.37,1400.42,14.62,21.61,554.22,2388.0,9067.46,1.3,47.24,522.27,2388.03,8146.95,8.3744,0.03,393,2388,100.0,38.92,23.2872
48,76,-0.0006,-0.0004,100.0,518.67,642.77,1587.9,1396.48,14.62,21.61,554.82,2387.99,9072.87,1.3,47.31,522.3,2388.03,8148.63,8.4701,0.03,391,2388,100.0,38.95,23.459
48,77,0.0012,-0.0003,100.0,518.67,642.68,1586.78,1399.73,14.62,21.61,554.29,2388.04,9075.06,1.3,47.18,522.2,2388.02,8155.62,8.4379,0.03,391,2388,100.0,39.03,23.424
48,78,0.0005,-0.0,100.0,518.67,641.83,1587.16,1391.09,14.62,21.61,554.63,2388.01,9073.42,1.3,47.41,522.36,2387.98,8148.95,8.4202,0.03,392,2388,100.0,39.01,23.4659
48,79,0.0019,-0.0001,100.0,518.67,642.55,1583.0,1397.4,14.62,21.61,553.67,2388.01,9066.65,1.3,47.26,521.95,2387.99,8152.41,8.4206,0.03,392,2388,100.0,38.88,23.4111
48,80,0.001,0.0004,100.0,518.67,642.1,1587.39,1395.96,14.62,21.61,554.86,2387.99,9071.21,1.3,47.15,522.39,2387.98,8149.96,8.3931,0.03,392,2388,100.0,38.99,23.492
48,81,-0.0,0.0001,100.0,518.67,641.83,1584.25,1396.2,14.62,21.61,555.07,2388.02,9073.68,1.3,47.25,522.31,2388.02,8144.94,8.3891,0.03,392,2388,100.0,38.88,23.431
48,82,0.0002,0.0,100.0,518.67,642.65,1587.84,1404.42,14.62,21.61,554.38,2388.05,9071.72,1.3,47.38,522.5,2388.01,8150.17,8.4353,0.03,392,2388,100.0,39.15,23.3756
48,83,0.0008,0.0,100.0,518.67,642.58,1589.08,1399.29,14.62,21.61,554.83,2388.01,9070.49,1.3,47.26,522.17,2388.01,8149.02,8.435,0.03,392,2388,100.0,39.06,23.3687
48,84,0.0033,-0.0002,100.0,518.67,642.16,1584.08,1403.77,14.62,21.61,554.36,2388.06,9072.69,1.3,47.18,522.48,2388.02,8151.5,8.3702,0.03,394,2388,100.0,39.0,23.4543
48,85,0.0011,-0.0004,100.0,518.67,642.53,1587.82,1400.3,14.62,21.61,554.54,2388.04,9074.13,1.3,47.24,522.51,2387.96,8148.85,8.4205,0.03,391,2388,100.0,38.93,23.3965
48,86,0.0033,-0.0001,100.0,518.67,642.1,1582.17,1393.24,14.62,21.61,554.21,2388.0,9070.56,1.3,47.27,522.13,2388.08,8153.66,8.4137,0.03,392,2388,100.0,39.01,23.3646
48,87,-0.0055,-0.0003,100.0,518.67,642.43,1583.44,1398.08,14.62,21.61,554.15,2388.01,9062.92,1.3,47.11,522.77,2387.99,8151.48,8.4385,0.03,392,2388,100.0,39.02,23.3078
48,88,-0.0014,0.0004,100.0,518.67,642.53,1588.09,1405.22,14.62,21.61,554.39,2388.06,9072.06,1.3,47.18,522.18,2387.98,8151.18,8.4046,0.03,392,2388,100.0,38.9,23.4976
48,89,0.0004,0.0004,100.0,518.67,641.92,1588.82,1400.71,14.62,21.61,554.55,2388.02,9067.82,1.3,47.2,522.04,2388.01,8151.07,8.4119,0.03,392,2388,100.0,39.01,23.4373
48,90,0.0002,-0.0004,100.0,518.67,642.39,1584.2,1408.35,14.62,21.61,554.32,2387.99,9066.63,1.3,47.27,522.58,2387.97,8147.76,8.4214,0.03,392,2388,100.0,39.08,23.4554
48,91,0.0005,-0.0004,100.0,518.67,643.01,1588.81,1407.43,14.62,21.61,553.75,2388.02,9069.24,1.3,47.15,521.86,2387.98,8151.93,8.3903,0.03,392,2388,100.0,38.78,23.4528
48,92,0.0021,0.0004,100.0,518.67,642.11,1582.91,1402.49,14.62,21.61,554.09,2388.02,9067.31,1.3,47.24,522.2,2388.01,8149.59,8.3902,0.03,392,2388,100.0,39.21,23.4104
48,93,-0.0007,0.0002,100.0,518.67,641.81,1588.72,1401.94,14.62,21.61,554.38,2387.96,9063.22,1.3,47.35,522.04,2388.0,8152.73,8.3866,0.03,392,2388,100.0,38.96,23.3816
48,94,0.0,0.0004,100.0,518.67,642.35,1590.94,1400.85,14.62,21.61,553.26,2388.02,9072.58,1.3,47.39,522.26,2388.03,8156.38,8.3954,0.03,392,2388,100.0,39.16,23.4658
48,95,0.0002,0.0001,100.0,518.67,642.5,1583.11,1396.02,14.62,21.61,553.61,2387.97,9071.52,1.3,47.53,522.33,2387.99,8150.64,8.3951,0.03,391,2388,100.0,38.96,23.5076
48,96,-0.0023,0.0001,100.0,518.67,642.24,1589.59,1403.77,14.62,21.61,553.85,2388.06,9069.29,1.3,47.3,522.03,2387.99,8150.46,8.4118,0.03,392,2388,100.0,38.9,23.4029
48,97,0.0005,0.0002,100.0,518.67,642.13,1580.52,1401.46,14.62,21.61,554.5,2387.99,9085.69,1.3,47.21,522.12,2387.95,8153.49,8.4335,0.03,392,2388,100.0,39.08,23.4349
48,98,0.0041,-0.0001,100.0,518.67,642.36,1581.34,1404.85,14.62,21.61,554.12,2388.04,9075.13,1.3,47.31,522.46,2388.07,8151.51,8.4218,0.03,392,2388,100.0,38.76,23.4492
48,99,-0.0006,-0.0001,100.0,518.67,642.79,1582.66,1404.64,14.62,21.61,554.13,2388.06,9077.33,1.3,47.38,522.27,2388.05,8153.44,8.4169,0.03,392,2388,100.0,38.68,23.4172
48,100,-0.0039,-0.0004,100.0,518.67,642.38,1591.08,1397.66,14.62,21.61,554.8,2387.99,9071.62,1.3,47.33,522.07,2387.99,8143.76,8.3974,0.03,392,2388,100.0,38.94,23.4921
48,101,0.0004,0.0002,100.0,518.67,641.95,1589.3,1402.75,14.62,21.61,553.93,2388.0,9079.94,1.3,47.38,521.8,2387.97,8153.2,8.3922,0.03,392,2388,100.0,39.05,23.4642
48,102,0.0012,-0.0002,100.0,518.67,642.05,1587.96,1404.51,14.62,21.61,554.59,2388.03,9066.87,1.3,47.27,522.46,2388.0,8153.16,8.4095,0.03,392,2388,100.0,39.03,23.3615
48,103,-0.0012,0.0,100.0,518.67,641.91,1584.21,1402.82,14.62,21.61,554.44,2387.98,9069.21,1.3,47.36,522.0,2388.04,8150.45,8.4417,0.03,392,2388,100.0,38.94,23.2994
48,104,0.0057,0.0001,100.0,518.67,642.21,1584.14,1397.78,14.62,21.61,554.0,2388.03,9075.12,1.3,47.27,522.45,2387.96,8153.77,8.4198,0.03,391,2388,100.0,38.88,23.3039
48,105,-0.0022,0.0005,100.0,518.67,642.3,1587.08,1397.38,14.62,21.61,554.55,2388.0,9075.79,1.3,47.29,522.44,2387.99,8154.72,8.4262,0.03,394,2388,100.0,38.94,23.3078
48,106,0.0,0.0002,100.0,518.67,642.54,1584.65,1402.06,14.62,21.61,554.98,2388.03,9074.22,1.3,47.4,522.1,2388.01,8158.34,8.3848,0.03,391,2388,100.0,38.9,23.3834
48,107,0.0001,0.0003,100.0,518.67,642.97,1580.2,1399.73,14.62,21.61,554.5,2388.06,9070.54,1.3,47.37,522.48,2388.04,8149.16,8.4038,0.03,393,2388,100.0,39.04,23.4044
48,108,0.0063,0.0005,100.0,518.67,642.43,1583.52,1403.39,14.62,21.61,554.61,2388.01,9069.45,1.3,47.53,521.81,2388.04,8155.53,8.4224,0.03,392,2388,100.0,38.95,23.2532
48,109,0.0013,-0.0001,100.0,518.67,642.96,1577.68,1399.29,14.62,21.61,554.29,2388.02,9072.5,1.3,47.33,522.05,2388.02,8157.56,8.3975,0.03,392,2388,100.0,39.04,23.4283
48,110,-0.0004,-0.0003,100.0,518.67,642.52,1584.89,1398.75,14.62,21.61,553.37,2388.04,9074.73,1.3,47.28,522.22,2388.05,8154.92,8.4381,0.03,393,2388,100.0,39.02,23.2959
48,111,0.0002,0.0003,100.0,518.67,642.11,1579.14,1402.74,14.62,21.61,554.56,2388.01,9077.72,1.3,47.33,522.59,2387.98,8152.11,8.4302,0.03,392,2388,100.0,39.12,23.409
48,112,0.001,-0.0003,100.0,518.67,642.46,1587.86,1404.72,14.62,21.61,554.2,2388.03,9080.95,1.3,47.1,522.23,2388.04,8157.27,8.3802,0.03,392,2388,100.0,38.93,23.3286
48,113,-0.0006,0.0001,100.0,518.67,642.23,1586.49,1395.82,14.62,21.61,553.83,2388.08,9074.51,1.3,47.21,522.0,2388.03,8151.69,8.4191,0.03,393,2388,100.0,39.06,23.3109
48,114,0.0007,0.0004,100.0,518.67,642.22,1586.35,1396.42,14.62,21.61,553.73,2387.98,9067.8,1.3,47.25,522.17,2388.07,8152.25,8.4315,0.03,393,2388,100.0,39.0,23.3964
48,115,0.0011,0.0002,100.0,518.67,642.22,1583.95,1393.97,14.62,21.61,554.53,2388.03,9078.93,1.3,47.36,522.1,2388.0,8156.13,8.4104,0.03,393,2388,100.0,38.96,23.4473
48,116,-0.0001,0.0,100.0,518.67,642.24,1593.76,1404.9,14.62,21.61,554.3,2388.01,9078.73,1.3,47.42,522.76,2388.03,8154.88,8.3808,0.03,390,2388,100.0,38.84,23.3267
48,117,-0.0012,0.0001,100.0,518.67,642.39,1580.64,1406.38,14.62,21.61,554.71,2387.99,9073.18,1.3,47.36,521.88,2388.04,8152.61,8.4382,0.03,392,2388,100.0,38.88,23.33
48,118,0.0022,0.0003,100.0,518.67,642.2,1586.34,1399.51,14.62,21.61,553.39,2388.04,9071.96,1.3,47.35,521.63,2387.97,8154.35,8.4151,0.03,394,2388,100.0,39.02,23.4144
48,119,0.001,0.0003,100.0,518.67,642.18,1586.09,1390.45,14.62,21.61,554.27,2388.04,9072.92,1.3,47.06,522.07,2387.99,8154.77,8.4299,0.03,392,2388,100.0,39.0,23.2948
48,120,-0.0014,-0.0003,100.0,518.67,642.44,1588.55,1401.07,14.62,21.61,554.27,2388.02,9068.99,1.3,47.31,522.27,2388.0,8161.43,8.4052,0.03,392,2388,100.0,38.88,23.4132
48,121,0.002,-0.0004,100.0,518.67,642.03,1589.41,1399.93,14.62,21.61,553.63,2388.03,9069.27,1.3,47.3,522.38,2388.03,8154.18,8.4567,0.03,391,2388,100.0,38.99,23.3528
48,122,-0.0017,0.0003,100.0,518.67,642.3,1586.82,1400.63,14.62,21.61,553.9,2388.0,9077.56,1.3,47.38,522.15,2388.0,8152.6,8.3993,0.03,391,2388,100.0,39.16,23.3222
48,123,-0.0006,-0.0004,100.0,518.67,641.93,1592.87,1396.62,14.62,21.61,554.04,2388.06,9069.93,1.3,47.2,521.99,2388.03,8157.78,8.4086,0.03,393,2388,100.0,39.1,23.3386
48,124,0.0007,-0.0001,100.0,518.67,641.75,1585.63,1405.08,14.62,21.61,554.68,2388.01,9075.13,1.3,47.24,521.84,2388.0,8159.49,8.4541,0.03,392,2388,100.0,39.06,23.3738
48,125,0.0055,0.0002,100.0,518.67,642.3,1582.96,1397.73,14.62,21.61,554.57,2388.0,9083.28,1.3,47.34,522.38,2387.98,8153.9,8.4026,0.03,392,2388,100.0,39.07,23.2803
48,126,-0.0006,0.0003,100.0,518.67,642.45,1579.8,1400.93,14.62,21.61,553.86,2388.01,9078.74,1.3,47.22,522.14,2387.97,8155.0,8.4054,0.03,391,2388,100.0,38.98,23.3129
48,127,0.0017,-0.0003,100.0,518.67,642.73,1586.03,1407.52,14.62,21.61,553.83,2388.02,9079.14,1.3,47.31,522.58,2387.97,8162.87,8.4069,0.03,391,2388,100.0,38.88,23.3955
48,128,0.0019,0.0,100.0,518.67,642.28,1585.67,1406.02,14.62,21.61,554.18,2388.04,9077.31,1.3,47.44,522.11,2387.96,8160.39,8.3935,0.03,391,2388,100.0,38.8,23.4026
48,129,0.0015,-0.0004,100.0,518.67,642.28,1580.19,1398.93,14.62,21.61,554.37,2388.03,9085.25,1.3,47.23,522.12,2388.01,8158.56,8.414,0.03,393,2388,100.0,38.82,23.3757
48,130,-0.0018,-0.0005,100.0,518.67,641.61,1595.71,1402.09,14.62,21.61,554.5,2388.02,9077.04,1.3,47.24,522.59,2387.97,8157.2,8.4635,0.03,392,2388,100.0,38.95,23.3519
48,131,0.0016,-0.0004,100.0,518.67,642.65,1586.1,1395.28,14.62,21.61,553.72,2387.98,9079.77,1.3,47.47,521.88,2388.02,8159.93,8.4019,0.03,392,2388,100.0,38.92,23.3736
48,132,0.0012,-0.0,100.0,518.67,642.31,1590.47,1396.18,14.62,21.61,553.14,2388.01,9075.46,1.3,47.44,522.22,2388.04,8159.86,8.3847,0.03,391,2388,100.0,39.03,23.3766
48,133,0.0006,-0.0002,100.0,518.67,642.74,1586.64,1399.92,14.62,21.61,554.48,2388.03,9085.2,1.3,47.43,522.47,2388.05,8161.72,8.4237,0.03,391,2388,100.0,38.89,23.264
48,134,-0.0022,-0.0004,100.0,518.67,642.52,1587.53,1399.67,14.62,21.61,553.62,2388.06,9089.17,1.3,47.27,521.89,2387.99,8159.75,8.4292,0.03,392,2388,100.0,38.99,23.347
48,135,-0.0012,-0.0002,100.0,518.67,642.47,1591.14,1397.59,14.62,21.61,555.2,2388.0,9076.2,1.3,47.27,521.27,2387.98,8158.97,8.399,0.03,391,2388,100.0,38.82,23.2983
48,136,0.0042,-0.0004,100.0,518.67,642.11,1582.87,1405.06,14.62,21.61,554.0,2388.01,9079.84,1.3,47.4,521.84,2388.02,8163.53,8.4288,0.03,393,2388,100.0,39.04,23.4057
48,137,0.0005,-0.0001,100.0,518.67,642.81,1586.86,1403.65,14.62,21.61,554.0,2388.0,9080.62,1.3,47.3,522.01,2388.01,8157.32,8.4055,0.03,391,2388,100.0,38.84,23.4128
48,138,-0.0018,0.0004,100.0,518.67,642.03,1586.7,1410.02,14.62,21.61,554.17,2388.03,9086.91,1.3,47.09,521.9,2388.02,8163.03,8.4059,0.03,393,2388,100.0,38.83,23.3331
48,139,0.001,-0.0001,100.0,518.67,642.41,1583.75,1408.99,14.62,21.61,554.12,2387.99,9078.15,1.3,47.3,521.88,2388.02,8160.35,8.4079,0.03,392,2388,100.0,38.84,23.3403
48,140,-0.0001,-0.0002,100.0,518.67,642.48,1583.78,1402.22,14.62,21.61,553.84,2388.01,9083.14,1.3,47.38,522.01,2388.02,8159.01,8.4296,0.03,393,2388,100.0,39.05,23.405
48,141,-0.0015,-0.0001,100.0,518.67,642.4,1579.98,1400.18,14.62,21.61,553.71,2388.01,9088.46,1.3,47.42,521.63,2388.0,8160.56,8.3977,0.03,392,2388,100.0,38.87,23.4452
48,142,-0.0032,0.0002,100.0,518.67,642.23,1587.81,1400.04,14.62,21.6,553.84,2387.98,9085.0,1.3,47.24,522.6,2387.98,8162.77,8.3446,0.03,391,2388,100.0,39.07,23.4193
48,143,-0.0038,0.0003,100.0,518.67,642.53,1586.18,1405.89,14.62,21.61,554.59,2388.03,9085.12,1.3,47.37,522.32,2388.0,8163.9,8.431,0.03,391,2388,100.0,39.01,23.3323
48,144,0.0019,0.0002,100.0,518.67,642.37,1588.01,1406.95,14.62,21.61,554.55,2388.05,9084.75,1.3,47.19,522.4,2388.01,8162.83,8.4403,0.03,394,2388,100.0,39.06,23.4883
48,145,-0.0012,-0.0001,100.0,518.67,642.75,1581.33,1402.7,14.62,21.61,553.69,2388.03,9085.19,1.3,47.36,522.1,2388.03,8164.54,8.3969,0.03,392,2388,100.0,38.96,23.3868
48,146,0.002,-0.0002,100.0,518.67,642.73,1584.24,1405.39,14.62,21.61,553.63,2387.99,9089.08,1.3,47.37,521.45,2387.96,8165.11,8.4194,0.03,393,2388,100.0,39.04,23.3931
48,147,-0.0017,0.0005,100.0,518.67,642.42,1594.6,1401.95,14.62,21.61,554.18,2387.99,9082.47,1.3,47.53,521.85,2388.02,8164.07,8.3923,0.03,392,2388,100.0,38.92,23.3166
48,148,-0.0028,-0.0004,100.0,518.67,642.5,1588.13,1402.21,14.62,21.61,554.18,2388.0,9091.61,1.3,47.21,521.84,2388.0,8160.94,8.4309,0.03,392,2388,100.0,39.06,23.3924
48,149,0.0013,-0.0004,100.0,518.67,642.29,1587.15,1408.11,14.62,21.61,553.94,2387.99,9079.35,1.3,47.44,521.99,2387.96,8160.03,8.4378,0.03,392,2388,100.0,38.88,23.3767
48,150,0.0013,0.0002,100.0,518.67,642.59,1585.96,1409.73,14.62,21.61,554.89,2388.0,9094.33,1.3,47.3,521.2,2388.05,8160.37,8.4121,0.03,393,2388,100.0,38.85,23.3854
48,151,-0.0055,0.0005,100.0,518.67,642.33,1585.5,1400.86,14.62,21.61,553.68,2388.09,9085.09,1.3,47.54,521.45,2388.02,8167.42,8.4248,0.03,392,2388,100.0,38.97,23.2836
48,152,-0.0018,-0.0005,100.0,518.67,642.31,1590.34,1412.93,14.62,21.61,554.55,2388.02,9094.31,1.3,47.49,521.5,2387.98,8164.39,8.4345,0.03,391,2388,100.0,39.06,23.4439
48,153,-0.0008,0.0001,100.0,518.67,642.68,1594.39,1397.83,14.62,21.61,554.03,2388.01,9084.28,1.3,47.2,521.99,2388.01,8169.85,8.4318,0.03,391,2388,100.0,38.94,23.2717
48,154,-0.0023,-0.0003,100.0,518.67,642.16,1585.91,1400.94,14.62,21.61,553.9,2388.0,9096.19,1.3,47.19,521.97,2388.03,8170.6,8.4296,0.03,393,2388,100.0,38.89,23.4489
48,155,0.0029,-0.0003,100.0,518.67,642.92,1587.86,1406.51,14.62,21.61,553.97,2387.99,9089.61,1.3,47.44,521.64,2388.04,8166.66,8.4457,0.03,394,2388,100.0,38.87,23.3339
48,156,-0.0011,-0.0004,100.0,518.67,642.28,1590.67,1400.6,14.62,21.61,553.73,2388.03,9099.52,1.3,47.31,521.21,2387.98,8171.18,8.4445,0.03,393,2388,100.0,38.96,23.3283
48,157,0.0026,-0.0005,100.0,518.67,642.7,1592.57,1402.09,14.62,21.61,553.62,2388.07,9084.88,1.3,47.36,521.39,2388.02,8167.12,8.4177,0.03,392,2388,100.0,38.78,23.2402
48,158,0.001,0.0002,100.0,518.67,642.32,1590.45,1413.96,14.62,21.61,553.71,2387.99,9094.69,1.3,47.5,521.74,2388.03,8170.44,8.4051,0.03,392,2388,100.0,38.96,23.2618
48,159,-0.0007,0.0002,100.0,518.67,642.42,1582.51,1406.52,14.62,21.61,553.4,2388.0,9094.19,1.3,47.4,522.09,2388.01,8171.24,8.4156,0.03,393,2388,100.0,38.89,23.3774
48,160,0.0009,-0.0003,100.0,518.67,642.39,1585.96,1401.63,14.62,21.61,553.62,2387.96,9087.64,1.3,47.5,521.84,2388.02,8168.64,8.4616,0.03,394,2388,100.0,38.78,23.3298
48,161,0.0007,-0.0001,100.0,518.67,642.69,1588.77,1403.13,14.62,21.61,554.62,2388.04,9098.94,1.3,47.25,521.92,2388.02,8169.93,8.4209,0.03,392,2388,100.0,38.82,23.4195
48,162,0.001,-0.0005,100.0,518.67,642.67,1588.73,1402.08,14.62,21.61,553.87,2388.04,9097.55,1.3,47.33,521.2,2388.03,8172.98,8.4651,0.03,391,2388,100.0,38.86,23.2964
48,163,-0.0003,0.0001,100.0,518.67,642.39,1588.28,1408.85,14.62,21.61,553.33,2388.02,9090.54,1.3,47.37,521.39,2388.01,8172.88,8.4235,0.03,392,2388,100.0,38.81,23.2202
48,164,-0.0015,-0.0004,100.0,518.67,642.5,1585.7,1405.64,14.62,21.61,553.45,2387.99,9101.15,1.3,47.22,521.68,2388.05,8170.93,8.4175,0.03,393,2388,100.0,38.69,23.2296
48,165,0.0001,0.0002,100.0,518.67,643.0,1591.63,1403.59,14.62,21.61,554.41,2388.04,9102.92,1.3,47.36,522.32,2388.0,8178.94,8.4322,0.03,395,2388,100.0,38.68,23.2428
48,166,-0.0007,0.0003,100.0,518.67,642.51,1587.01,1407.68,14.62,21.61,554.06,2388.04,9102.78,1.3,47.45,521.83,2388.08,8172.57,8.472,0.03,393,2388,100.0,38.85,23.3821
48,167,-0.0019,-0.0003,100.0,518.67,641.53,1591.51,1401.43,14.62,21.61,553.73,2388.03,9098.68,1.3,47.45,521.97,2387.96,8175.82,8.4383,0.03,392,2388,100.0,38.9,23.2416
48,168,-0.0016,-0.0001,100.0,518.67,642.54,1583.44,1407.15,14.62,21.61,554.2,2388.06,9097.86,1.3,47.33,522.14,2388.03,8171.58,8.4134,0.03,394,2388,100.0,38.91,23.3072
48,169,-0.0007,0.0001,100.0,518.67,642.81,1582.34,1403.35,14.62,21.61,553.72,2388.07,9095.9,1.3,47.47,522.36,2388.08,8179.37,8.4436,0.03,395,2388,100.0,38.83,23.3032
48,170,0.0005,-0.0004,100.0,518.67,642.32,1601.41,1395.53,14.62,21.61,554.02,2388.02,9097.63,1.3,47.29,522.36,2388.01,8171.82,8.4977,0.03,393,2388,100.0,38.92,23.2899
48,171,-0.0005,0.0004,100.0,518.67,642.99,1592.53,1403.44,14.62,21.61,552.96,2388.01,9096.11,1.3,47.46,521.87,2388.08,8178.24,8.4421,0.03,394,2388,100.0,38.81,23.2065
48,172,0.0005,0.0002,100.0,518.67,642.02,1595.99,1407.25,14.62,21.61,553.91,2388.03,9098.69,1.3,47.28,521.92,2388.04,8180.34,8.4062,0.03,393,2388,100.0,38.68,23.423
48,173,0.0003,-0.0001,100.0,518.67,642.9,1590.64,1400.44,14.62,21.61,554.76,2388.04,9101.8,1.3,47.47,521.72,2388.02,8180.95,8.4488,0.03,394,2388,100.0,38.74,23.2552
48,174,0.0013,-0.0004,100.0,518.67,642.75,1584.64,1407.27,14.62,21.61,553.46,2388.05,9100.32,1.3,47.53,522.52,2388.01,8183.33,8.4107,0.03,394,2388,100.0,38.87,23.359
48,175,0.002,-0.0002,100.0,518.67,642.79,1597.99,1410.35,14.62,21.61,553.98,2387.99,9102.75,1.3,47.38,521.61,2388.02,8183.38,8.4439,0.03,393,2388,100.0,38.84,23.3409
48,176,-0.0018,0.0004,100.0,518.67,642.99,1589.6,1409.23,14.62,21.61,553.64,2388.0,9106.35,1.3,47.46,521.69,2388.06,8181.34,8.4136,0.03,393,2388,100.0,38.78,23.3887
48,177,-0.0006,-0.0003,100.0,518.67,642.59,1589.32,1411.14,14.62,21.61,553.46,2388.03,9105.62,1.3,47.62,521.77,2388.08,8183.12,8.4167,0.03,394,2388,100.0,38.78,23.2869
48,178,-0.0007,0.0003,100.0,518.67,642.05,1585.45,1404.49,14.62,21.61,553.96,2387.99,9116.1,1.3,47.59,521.19,2388.01,8184.61,8.4509,0.03,393,2388,100.0,38.78,23.3475
48,179,0.0039,0.0001,100.0,518.67,642.38,1588.41,1412.07,14.62,21.61,553.31,2388.02,9102.32,1.3,47.4,521.75,2388.03,8181.91,8.4377,0.03,393,2388,100.0,38.96,23.3672
48,180,0.0022,-0.0004,100.0,518.67,642.39,1595.3,1405.82,14.62,21.61,553.4,2388.06,9109.81,1.3,47.5,521.9,2388.03,8183.92,8.4336,0.03,391,2388,100.0,38.78,23.2588
48,181,-0.0027,-0.0005,100.0,518.67,642.53,1592.39,1402.01,14.62,21.61,554.49,2388.05,9107.37,1.3,47.61,521.32,2388.07,8185.11,8.4658,0.03,395,2388,100.0,38.81,23.3259
48,182,0.0001,-0.0004,100.0,518.67,643.01,1585.15,1401.83,14.62,21.61,553.26,2388.03,9107.35,1.3,47.5,522.09,2387.98,8186.88,8.4261,0.03,393,2388,100.0,38.94,23.3445
48,183,0.0018,-0.0004,100.0,518.67,642.84,1594.15,1407.05,14.62,21.61,553.3,2388.01,9113.2,1.3,47.55,521.63,2387.99,8186.44,8.4266,0.03,394,2388,100.0,38.73,23.3863
48,184,-0.0025,-0.0002,100.0,518.67,642.52,1591.88,1398.63,14.62,21.6,552.64,2388.01,9115.5,1.3,47.61,521.6,2388.03,8194.3,8.4368,0.03,393,2388,100.0,38.82,23.3124
48,185,-0.0014,-0.0004,100.0,518.67,642.53,1598.55,1409.81,14.62,21.61,553.46,2387.99,9116.37,1.3,47.36,521.07,2388.02,8189.63,8.4457,0.03,393,2388,100.0,38.77,23.2795
48,186,-0.001,0.0002,100.0,518.67,642.4,1590.33,1409.04,14.62,21.61,554.13,2388.09,9115.52,1.3,47.29,522.39,2388.04,8192.21,8.4212,0.03,394,2388,100.0,38.89,23.4084
48,187,-0.0001,-0.0002,100.0,518.67,642.62,1599.39,1413.47,14.62,21.61,554.13,2388.04,9118.25,1.3,47.52,521.57,2388.07,8191.67,8.4314,0.03,394,2388,100.0,38.78,23.3541
48,188,0.0018,0.0,100.0,518.67,642.34,1593.36,1405.29,14.62,21.61,553.74,2388.04,9125.49,1.3,47.65,521.82,2388.01,8198.76,8.4363,0.03,393,2388,100.0,38.72,23.2895
48,189,0.0003,0.0,100.0,518.67,643.0,1589.45,1408.22,14.62,21.61,553.61,2388.02,9119.91,1.3,47.54,521.84,2388.04,8194.35,8.4462,0.03,392,2388,100.0,38.64,23.2525
48,190,-0.0008,-0.0003,100.0,518.67,643.22,1589.68,1409.3,14.62,21.61,553.89,2387.95,9121.12,1.3,47.48,521.61,2388.01,8196.27,8.4243,0.03,394,2388,100.0,38.87,23.4068
48,191,0.0007,-0.0004,100.0,518.67,642.66,1586.88,1416.42,14.62,21.61,553.95,2388.0,9126.4,1.3,47.46,521.64,2387.99,8197.29,8.4432,0.03,396,2388,100.0,38.8,23.2577
48,192,-0.0005,-0.0,100.0,518.67,643.01,1595.3,1410.89,14.62,21.61,552.99,2388.04,9128.35,1.3,47.48,521.63,2388.06,8200.61,8.4453,0.03,395,2388,100.0,38.94,23.251
48,193,0.0023,0.0001,100.0,518.67,642.46,1596.92,1409.87,14.62,21.61,553.21,2388.01,9129.75,1.3,47.38,521.42,2387.99,8195.52,8.4531,0.03,393,2388,100.0,38.72,23.2873
48,194,0.0009,-0.0004,100.0,518.67,642.62,1592.95,1414.64,14.62,21.61,553.64,2388.01,9135.74,1.3,47.43,520.74,2388.08,8198.78,8.4348,0.03,395,2388,100.0,38.6,23.2724
48,195,-0.0005,-0.0003,100.0,518.67,642.51,1587.81,1404.95,14.62,21.61,552.75,2388.05,9128.62,1.3,47.57,522.02,2388.11,8199.95,8.4221,0.03,393,2388,100.0,38.59,23.2359
48,196,-0.001,0.0001,100.0,518.67,643.5,1590.29,1412.13,14.62,21.61,553.41,2388.05,9129.75,1.3,47.61,521.54,2388.1,8202.95,8.4673,0.03,394,2388,100.0,38.74,23.3566
48,197,0.0026,-0.0003,100.0,518.67,642.69,1592.0,1410.23,14.62,21.61,553.27,2388.08,9142.16,1.3,47.71,521.72,2388.13,8206.38,8.4673,0.03,393,2388,100.0,38.71,23.1459
48,198,0.0019,0.0003,100.0,518.67,642.36,1585.28,1415.33,14.62,21.61,553.9,2388.07,9139.44,1.3,47.4,521.62,2388.06,8208.5,8.4708,0.03,394,2388,100.0,38.56,23.2619
48,199,0.0004,0.0002,100.0,518.67,643.13,1594.73,1414.11,14.62,21.61,554.05,2388.06,9142.45,1.3,47.62,520.94,2388.04,8211.98,8.4617,0.03,392,2388,100.0,38.74,23.1588
48,200,-0.0008,-0.0004,100.0,518.67,642.42,1591.26,1410.07,14.62,21.61,554.59,2388.03,9132.51,1.3,47.66,521.41,2388.08,8211.23,8.4673,0.03,395,2388,100.0,38.83,23.1801
48,201,-0.0012,-0.0004,100.0,518.67,642.81,1598.64,1410.85,14.62,21.61,552.84,2388.03,9140.4,1.3,47.55,521.54,2388.1,8213.18,8.4677,0.03,394,2388,100.0,38.75,23.366
48,202,0.0011,0.0004,100.0,518.67,642.06,1590.76,1411.55,14.62,21.61,553.29,2388.03,9138.14,1.3,47.52,521.24,2388.07,8214.83,8.4839,0.03,394,2388,100.0,38.92,23.2684
48,203,0.0008,-0.0003,100.0,518.67,642.78,1596.3,1416.51,14.62,21.61,553.65,2387.99,9144.42,1.3,47.56,520.8,2388.08,8211.55,8.4286,0.03,395,2388,100.0,38.84,23.1209
48,204,0.002,0.0,100.0,518.67,643.34,1587.42,1418.81,14.62,21.61,552.44,2388.07,9146.09,1.3,47.54,521.44,2388.05,8216.44,8.4793,0.03,396,2388,100.0,38.74,23.2117
48,205,-0.0027,0.0004,100.0,518.67,642.65,1588.68,1419.31,14.62,21.61,552.76,2387.99,9151.35,1.3,47.61,521.16,2388.05,8216.59,8.4426,0.03,395,2388,100.0,38.6,23.2698
48,206,0.0032,-0.0003,100.0,518.67,642.67,1596.45,1417.79,14.62,21.61,552.98,2388.11,9146.51,1.3,47.65,521.23,2388.07,8217.88,8.4719,0.03,394,2388,100.0,38.68,23.1415
48,207,0.0035,0.0004,100.0,518.67,643.08,1600.75,1409.2,14.62,21.61,553.76,2388.06,9145.09,1.3,47.69,521.11,2388.08,8222.06,8.488,0.03,396,2388,100.0,38.91,23.2077
48,208,-0.0007,-0.0004,100.0,518.67,643.33,1591.12,1410.65,14.62,21.61,553.24,2388.11,9155.19,1.3,47.77,521.29,2388.09,8224.0,8.4692,0.03,394,2388,100.0,38.84,23.1579
48,209,0.0008,-0.0001,100.0,518.67,642.83,1596.06,1421.92,14.62,21.61,553.07,2388.04,9158.94,1.3,47.68,520.72,2388.05,8229.16,8.4857,0.03,396,2388,100.0,38.78,23.0752
48,210,-0.0022,-0.0005,100.0,518.67,642.71,1600.12,1417.16,14.62,21.61,552.69,2388.06,9161.25,1.3,47.65,521.02,2388.09,8224.14,8.4822,0.03,394,2388,100.0,38.68,23.1974
48,211,0.0013,-0.0002,100.0,518.67,642.91,1600.75,1417.84,14.62,21.61,553.08,2388.03,9164.03,1.3,47.94,520.29,2388.1,8227.46,8.4596,0.03,396,2388,100.0,38.7,23.2743
48,212,0.0008,0.0004,100.0,518.67,643.02,1594.41,1416.99,14.62,21.61,552.56,2388.09,9170.04,1.3,47.89,520.94,2388.0,8228.92,8.471,0.03,394,2388,100.0,38.64,23.2122
48,213,-0.0026,-0.0004,100.0,518.67,643.28,1597.42,1408.66,14.62,21.61,553.21,2388.14,9167.05,1.3,47.62,521.33,2388.1,8230.32,8.4773,0.03,396,2388,100.0,38.64,23.1549
48,214,-0.0013,0.0001,100.0,518.67,643.13,1594.97,1413.88,14.62,21.61,552.92,2388.12,9167.78,1.3,47.81,520.44,2388.12,8235.98,8.4626,0.03,395,2388,100.0,38.79,23.1464
48,215,0.003,0.0002,100.0,518.67,643.07,1601.76,1421.3,14.62,21.61,553.06,2388.1,9172.79,1.3,47.68,520.6,2388.06,8240.15,8.478,0.03,397,2388,100.0,38.43,23.1378
48,216,-0.0045,-0.0004,100.0,518.67,643.4,1601.0,1407.63,14.62,21.61,553.0,2388.1,9171.45,1.3,47.97,521.03,2388.09,8241.36,8.5016,0.03,397,2388,100.0,38.58,23.2
48,217,-0.0011,0.0003,100.0,518.67,643.29,1594.66,1421.11,14.62,21.61,552.89,2388.08,9167.0,1.3,47.64,521.04,2388.13,8237.72,8.5073,0.03,397,2388,100.0,38.41,23.1774
48,218,0.0015,-0.0001,100.0,518.67,643.33,1598.76,1415.13,14.62,21.61,553.18,2388.06,9182.87,1.3,47.59,520.88,2388.1,8243.81,8.5131,0.03,395,2388,100.0,38.72,23.1518
48,219,0.0028,-0.0002,100.0,518.67,643.35,1601.96,1422.96,14.62,21.61,552.45,2388.08,9183.28,1.3,47.87,520.87,2388.1,8247.86,8.4863,0.03,396,2388,100.0,38.45,23.1485
48,220,-0.0029,-0.0001,100.0,518.67,643.43,1600.6,1418.94,14.62,21.61,553.21,2388.06,9187.13,1.3,47.8,521.0,2388.06,8250.12,8.4868,0.03,396,2388,100.0,38.52,23.1516
48,221,-0.0019,-0.0002,100.0,518.67,643.08,1598.16,1425.57,14.62,21.61,552.01,2388.13,9191.86,1.3,48.01,520.72,2388.1,8255.4,8.5087,0.03,395,2388,100.0,38.6,23.2172
48,222,0.0056,0.0004,100.0,518.67,643.71,1603.59,1419.42,14.62,21.61,552.2,2388.1,9190.24,1.3,47.9,520.73,2388.06,8248.76,8.5139,0.03,395,2388,100.0,38.65,23.1358
48,223,-0.0011,0.0003,100.0,518.67,643.59,1604.0,1418.92,14.62,21.61,552.25,2388.12,9194.76,1.3,47.95,520.88,2388.1,8262.29,8.4945,0.03,395,2388,100.0,38.4,23.1297
48,224,-0.0013,0.0001,100.0,518.67,643.36,1606.43,1426.57,14.62,21.61,552.39,2388.07,9202.57,1.3,47.93,521.02,2388.07,8263.32,8.5171,0.03,395,2388,100.0,38.51,23.1291
48,225,-0.0016,0.0001,100.0,518.67,643.87,1598.18,1430.13,14.62,21.61,552.29,2388.11,9198.81,1.3,47.78,520.47,2388.15,8266.63,8.4576,0.03,395,2388,100.0,38.36,23.2052
48,226,-0.0043,-0.0002,100.0,518.67,642.95,1604.22,1419.28,14.62,21.61,551.99,2388.05,9207.82,1.3,47.92,520.97,2388.12,8264.65,8.4938,0.03,396,2388,100.0,38.5,23.0366
48,227,-0.0001,-0.0001,100.0,518.67,643.75,1608.61,1426.16,14.62,21.61,552.33,2388.16,9208.97,1.3,47.76,520.14,2388.12,8272.65,8.4803,0.03,397,2388,100.0,38.64,23.1457
48,228,0.0002,-0.0002,100.0,518.67,643.82,1598.89,1420.08,14.62,21.61,550.98,2388.09,9210.41,1.3,48.04,520.68,2388.11,8271.59,8.5145,0.03,395,2388,100.0,38.51,23.0815
48,229,0.0007,0.0003,100.0,518.67,644.18,1600.93,1425.22,14.62,21.61,551.62,2388.11,9214.52,1.3,48.0,520.29,2388.12,8270.51,8.4947,0.03,396,2388,100.0,38.59,23.0387
48,230,0.0038,0.0005,100.0,518.67,643.39,1600.58,1429.6,14.62,21.61,551.83,2388.19,9221.31,1.3,48.12,520.76,2388.2,8276.2,8.5112,0.03,397,2388,100.0,38.49,23.0147
48,231,-0.0025,-0.0005,100.0,518.67,644.02,1609.54,1435.19,14.62,21.61,551.65,2388.52,9228.53,1.3,47.98,520.53,2388.55,8290.25,8.4923,0.03,398,2388,100.0,38.45,23.0188
70,1,0.0021,0.0001,100.0,518.67,642.26,1588.45,1400.02,14.62,21.61,552.94,2388.09,9065.41,1.3,47.61,521.18,2388.07,8138.06,8.43,0.03,392,2388,100.0,38.81,23.418
70,2,-0.0009,0.0004,100.0,518.67,642.59,1590.0,1407.22,14.62,21.61,552.5,2388.11,9059.25,1.3,47.48,522.08,2388.12,8134.76,8.4447,0.03,394,2388,100.0,38.79,23.3135
70,3,-0.0008,-0.0,100.0,518.67,642.82,1586.05,1408.64,14.62,21.61,553.75,2388.09,9063.08,1.3,47.45,521.93,2388.03,8140.84,8.4202,0.03,392,2388,100.0,38.87,23.414
70,4,0.0005,-0.0005,100.0,518.67,642.24,1591.24,1398.32,14.62,21.61,553.56,2388.09,9057.79,1.3,47.52,521.85,2388.05,8137.74,8.4472,0.03,393,2388,100.0,38.91,23.2512
70,5,-0.0005,-0.0004,100.0,518.67,642.32,1580.76,1399.39,14.62,21.61,554.21,2388.04,9059.36,1.3,47.43,521.6,2388.08,8136.12,8.4073,0.03,391,2388,100.0,39.02,23.3361
70,6,-0.0042,-0.0002,100.0,518.67,642.43,1582.35,1402.19,14.62,21.61,554.3,2388.07,9052.55,1.3,47.47,521.32,2388.08,8145.12,8.4223,0.03,392,2388,100.0,39.02,23.3396
70,7,-0.0003,0.0003,100.0,518.67,642.54,1583.29,1394.98,14.62,21.61,553.55,2388.07,9054.04,1.3,47.44,521.24,2388.12,8136.22,8.3992,0.03,393,2388,100.0,38.75,23.4152
70,8,0.0046,-0.0004,100.0,518.67,642.39,1590.11,1400.12,14.62,21.61,553.2,2388.03,9058.59,1.3,47.39,521.89,2388.05,8140.04,8.4073,0.03,392,2388,100.0,38.91,23.2867
70,9,0.003,-0.0005,100.0,518.67,642.85,1577.69,1402.84,14.62,21.61,553.31,2388.05,9062.32,1.3,47.26,521.76,2388.08,8140.31,8.4612,0.03,394,2388,100.0,38.9,23.2371
70,10,0.0005,-0.0001,100.0,518.67,642.14,1587.3,1402.78,14.62,21.61,553.16,2388.02,9049.3,1.3,47.24,521.34,2388.04,8140.03,8.3876,0.03,392,2388,100.0,39.0,23.3742
70,11,-0.0058,-0.0004,100.0,518.67,642.39,1590.12,1403.65,14.62,21.61,554.57,2388.1,9060.6,1.3,47.59,521.6,2388.03,8141.21,8.4491,0.03,391,2388,100.0,38.72,23.3579
70,12,0.0022,-0.0005,100.0,518.67,642.6,1591.68,1406.19,14.62,21.61,553.79,2388.12,9056.45,1.3,47.44,521.62,2388.06,8141.34,8.3978,0.03,392,2388,100.0,39.08,23.2246
70,13,-0.0014,0.0004,100.0,518.67,642.49,1584.61,1398.07,14.62,21.61,553.15,2388.09,9059.63,1.3,47.32,521.55,2388.09,8140.87,8.4428,0.03,394,2388,100.0,38.76,23.2856
70,14,-0.0018,0.0004,100.0,518.67,642.68,1577.93,1406.18,14.62,21.61,553.6,2388.11,9057.35,1.3,47.25,521.89,2388.05,8140.26,8.4416,0.03,392,2388,100.0,38.83,23.3618
70,15,0.003,-0.0004,100.0,518.67,642.01,1593.14,1409.02,14.62,21.61,553.97,2388.05,9060.71,1.3,47.54,521.43,2388.04,8142.74,8.4113,0.03,393,2388,100.0,38.73,23.3824
70,16,-0.0012,0.0004,100.0,518.67,642.04,1585.98,1410.03,14.62,21.61,553.85,2388.06,9055.5,1.3,47.52,521.55,2388.11,8138.4,8.4516,0.03,393,2388,100.0,38.95,23.4899
70,17,-0.0001,0.0002,100.0,518.67,642.74,1593.04,1397.88,14.62,21.61,553.39,2388.1,9062.04,1.3,47.6,521.57,2388.06,8141.62,8.4469,0.03,394,2388,100.0,38.88,23.3134
70,18,-0.0002,0.0002,100.0,518.67,642.34,1597.82,1402.1,14.62,21.61,554.66,2388.04,9054.36,1.3,47.41,521.42,2388.07,8137.34,8.4281,0.03,392,2388,100.0,38.73,23.2929
70,19,0.0038,0.0001,100.0,518.67,642.44,1588.83,1405.77,14.62,21.61,553.86,2388.1,9061.15,1.3,47.49,521.83,2388.04,8138.63,8.4449,0.03,393,2388,100.0,38.81,23.415
70,20,-0.0024,-0.0004,100.0,518.67,642.2,1588.67,1399.98,14.62,21.61,554.39,2388.05,9052.92,1.3,47.31,522.18,2388.07,8140.45,8.4112,0.03,393,2388,100.0,38.87,23.387
70,21,-0.0019,-0.0002,100.0,518.67,642.45,1585.11,1399.8,14.62,21.61,553.99,2388.05,9063.67,1.3,47.29,521.93,2388.06,8142.48,8.4413,0.03,392,2388,100.0,38.88,23.3168
70,22,0.0033,-0.0002,100.0,518.67,642.95,1591.54,1401.68,14.62,21.61,553.6,2388.08,9058.57,1.3,47.42,522.36,2388.12,8149.32,8.4137,0.03,393,2388,100.0,38.93,23.3991
70,23,0.0011,-0.0,100.0,518.67,642.27,1583.38,1402.88,14.62,21.61,552.58,2388.07,9053.73,1.3,47.45,521.88,2388.06,8139.81,8.4397,0.03,396,2388,100.0,38.87,23.3694
70,24,-0.001,0.0003,100.0,518.67,642.6,1590.89,1403.75,14.62,21.61,553.74,2388.04,9063.33,1.3,47.34,521.12,2388.02,8137.7,8.4395,0.03,392,2388,100.0,38.99,23.3001
70,25,0.0,-0.0001,100.0,518.67,642.88,1585.1,1406.1,14.62,21.61,554.08,2388.05,9065.93,1.3,47.34,521.45,2388.1,8142.9,8.4418,0.03,394,2388,100.0,38.96,23.3368
70,26,-0.0034,-0.0005,100.0,518.67,642.01,1584.22,1400.67,14.62,21.61,553.48,2388.06,9057.13,1.3,47.54,522.15,2388.09,8143.46,8.4692,0.03,393,2388,100.0,38.99,23.2544
70,27,-0.002,-0.0001,100.0,518.67,642.6,1585.96,1402.31,14.62,21.61,553.96,2388.06,9058.97,1.3,47.39,521.72,2388.04,8142.78,8.4261,0.03,394,2388,100.0,38.88,23.318
70,28,-0.0015,-0.0003,100.0,518.67,642.63,1595.78,1414.5,14.62,21.61,554.0,2388.08,9064.32,1.3,47.69,521.57,2388.04,8142.09,8.4058,0.03,393,2388,100.0,38.84,23.233
70,29,-0.0002,0.0003,100.0,518.67,642.3,1585.03,1398.05,14.62,21.61,553.75,2388.07,9055.3,1.3,47.31,521.96,2388.08,8136.39,8.426,0.03,393,2388,100.0,38.86,23.2497
70,30,0.0035,-0.0005,100.0,518.67,642.24,1587.35,1404.65,14.62,21.61,554.51,2388.06,9055.94,1.3,47.66,521.41,2388.05,8139.25,8.4254,0.03,393,2388,100.0,38.85,23.3391
70,31,-0.0013,-0.0001,100.0,518.67,642.09,1588.25,1402.64,14.62,21.61,553.55,2388.09,9058.46,1.3,47.13,521.67,2388.02,8136.94,8.4026,0.03,394,2388,100.0,38.87,23.3706
70,32,0.0019,0.0001,100.0,518.67,642.08,1593.15,1407.46,14.62,21.61,554.07,2388.08,9066.8,1.3,47.38,521.97,2388.04,8135.76,8.4255,0.03,393,2388,100.0,38.88,23.2503
70,33,0.0038,-0.0004,100.0,518.67,642.72,1593.15,1403.41,14.62,21.61,553.71,2388.02,9060.73,1.3,47.44,520.97,2388.05,8148.16,8.3948,0.03,395,2388,100.0,38.79,23.2978
70,34,-0.0013,-0.0005,100.0,518.67,642.33,1588.77,1405.29,14.62,21.61,553.91,2388.09,9055.98,1.3,47.44,521.32,2388.12,8141.99,8.3882,0.03,393,2388,100.0,38.89,23.3954
70,35,-0.0056,-0.0003,100.0,518.67,642.18,1593.21,1406.66,14.62,21.61,553.53,2388.06,9068.78,1.3,47.48,521.59,2388.09,8140.61,8.4356,0.03,392,2388,100.0,38.83,23.3955
70,36,0.0025,0.0001,100.0,518.67,642.7,1586.56,1401.61,14.62,21.61,554.39,2388.1,9064.54,1.3,47.51,521.5,2388.06,8141.45,8.399,0.03,391,2388,100.0,38.92,23.3391
70,37,0.0009,0.0002,100.0,518.67,642.16,1585.26,1402.85,14.62,21.61,552.96,2388.09,9062.16,1.3,47.4,521.25,2388.03,8139.4,8.4246,0.03,392,2388,100.0,38.8,23.328
70,38,0.0011,-0.0005,100.0,518.67,643.02,1582.33,1406.5,14.62,21.61,553.49,2388.14,9067.93,1.3,47.48,522.16,2388.06,8141.72,8.419,0.03,393,2388,100.0,38.79,23.3434
70,39,-0.0041,0.0003,100.0,518.67,642.17,1592.36,1411.81,14.62,21.61,553.81,2388.06,9070.76,1.3,47.34,521.46,2388.08,8140.38,8.4603,0.03,394,2388,100.0,38.9,23.3002
70,40,-0.0019,-0.0002,100.0,518.67,642.44,1585.76,1403.26,14.62,21.61,554.14,2388.11,9054.79,1.3,47.47,521.72,2388.12,8135.73,8.4497,0.03,392,2388,100.0,38.81,23.401
70,41,-0.0003,0.0004,100.0,518.67,642.72,1592.16,1403.48,14.62,21.61,553.64,2388.1,9061.48,1.3,47.41,522.39,2388.05,8140.24,8.4312,0.03,393,2388,100.0,38.86,23.2675
70,42,0.0016,0.0002,100.0,518.67,642.12,1581.07,1404.24,14.62,21.61,553.64,2388.08,9062.71,1.3,47.37,521.8,2388.08,8141.96,8.4318,0.03,394,2388,100.0,39.04,23.3231
70,43,0.0048,-0.0004,100.0,518.67,642.88,1583.12,1400.31,14.62,21.61,553.37,2388.08,9053.02,1.3,47.36,521.47,2388.09,8139.84,8.4191,0.03,393,2388,100.0,39.1,23.3145
70,44,-0.0004,0.0004,100.0,518.67,642.49,1587.92,1406.33,14.62,21.61,553.65,2388.07,9060.44,1.3,47.4,521.93,2388.07,8139.94,8.4028,0.03,392,2388,100.0,38.89,23.3264
70,45,0.0003,-0.0003,100.0,518.67,642.38,1595.01,1411.33,14.62,21.61,553.26,2388.04,9064.89,1.3,47.44,521.66,2388.04,8136.24,8.4106,0.03,394,2388,100.0,38.81,23.3484
70,46,0.0038,-0.0003,100.0,518.67,642.89,1581.0,1399.87,14.62,21.61,553.56,2388.07,9056.85,1.3,47.36,521.54,2388.06,8134.95,8.4595,0.03,393,2388,100.0,38.89,23.3055
70,47,-0.0008,-0.0005,100.0,518.67,642.38,1587.43,1409.08,14.62,21.61,553.47,2388.08,9061.73,1.3,47.69,520.95,2388.11,8136.43,8.4365,0.03,393,2388,100.0,38.95,23.2599
70,48,-0.0009,-0.0002,100.0,518.67,642.89,1589.04,1405.39,14.62,21.61,553.83,2388.07,9059.79,1.3,47.5,521.42,2388.06,8144.33,8.4039,0.03,393,2388,100.0,38.84,23.3366
70,49,-0.0008,0.0,100.0,518.67,642.68,1581.38,1400.93,14.62,21.61,553.51,2388.07,9060.26,1.3,47.43,521.35,2388.09,8131.34,8.4548,0.03,392,2388,100.0,38.84,23.2824
70,50,-0.0007,0.0001,100.0,518.67,642.66,1591.05,1399.28,14.62,21.61,553.91,2388.1,9063.27,1.3,47.32,521.97,2388.12,8139.12,8.4348,0.03,393,2388,100.0,38.84,23.2789
70,51,0.0014,-0.0003,100.0,518.67,642.95,1593.28,1412.5,14.62,21.61,553.96,2388.09,9055.95,1.3,47.47,521.73,2388.04,8140.98,8.4163,0.03,393,2388,100.0,38.76,23.3515
70,52,-0.0021,-0.0005,100.0,518.67,642.73,1588.49,1403.69,14.62,21.61,553.66,2388.14,9063.0,1.3,47.51,521.97,2388.1,8140.64,8.4631,0.03,392,2388,100.0,38.78,23.3635
70,53,0.0041,0.0001,100.0,518.67,642.18,1593.61,1399.19,14.62,21.61,554.21,2388.1,9067.26,1.3,47.41,521.19,2388.06,8144.18,8.4103,0.03,391,2388,100.0,38.9,23.2632
70,54,0.0008,0.0001,100.0,518.67,642.45,1592.93,1414.05,14.62,21.61,553.45,2388.04,9061.11,1.3,47.45,521.95,2388.08,8142.31,8.4213,0.03,393,2388,100.0,38.82,23.2546
70,55,-0.0037,-0.0001,100.0,518.67,642.71,1593.25,1399.43,14.62,21.61,554.61,2388.09,9057.79,1.3,47.57,522.08,2388.11,8138.63,8.4232,0.03,392,2388,100.0,38.87,23.3397
70,56,0.0048,-0.0004,100.0,518.67,642.76,1591.8,1404.89,14.62,21.61,552.86,2388.07,9060.01,1.3,47.48,521.56,2388.11,8134.2,8.4333,0.03,393,2388,100.0,38.83,23.305
70,57,-0.0003,-0.0004,100.0,518.67,642.66,1593.98,1402.92,14.62,21.61,553.18,2388.12,9062.01,1.3,47.44,521.97,2388.1,8147.12,8.435,0.03,393,2388,100.0,38.89,23.3077
70,58,-0.0002,-0.0001,100.0,518.67,642.93,1588.08,1404.67,14.62,21.61,552.83,2388.1,9060.85,1.3,47.67,521.55,2388.15,8142.59,8.4591,0.03,393,2388,100.0,38.81,23.273
70,59,0.0005,0.0,100.0,518.67,642.79,1587.81,1402.69,14.62,21.61,553.62,2388.07,9056.6,1.3,47.37,521.54,2388.07,8137.98,8.4316,0.03,392,2388,100.0,39.0,23.3018
70,60,0.0038,-0.0003,100.0,518.67,641.99,1588.09,1413.36,14.62,21.61,553.52,2388.06,9061.99,1.3,47.47,520.89,2388.04,8145.78,8.4346,0.03,394,2388,100.0,38.88,23.3497
70,61,0.0009,0.0,100.0,518.67,642.67,1591.12,1405.99,14.62,21.61,553.28,2388.05,9064.82,1.3,47.33,521.53,2388.11,8142.02,8.4537,0.03,391,2388,100.0,38.96,23.4643
70,62,0.0014,-0.0004,100.0,518.67,642.52,1592.28,1415.45,14.62,21.61,553.4,2388.1,9060.35,1.3,47.47,521.58,2388.08,8141.16,8.4116,0.03,394,2388,100.0,38.94,23.3304
70,63,0.0022,0.0,100.0,518.67,642.07,1596.38,1404.79,14.62,21.61,553.54,2388.08,9061.58,1.3,47.64,521.62,2388.08,8137.32,8.4399,0.03,393,2388,100.0,39.12,23.3178
70,64,0.0043,-0.0004,100.0,518.67,642.35,1588.1,1414.66,14.62,21.61,552.71,2388.08,9062.98,1.3,47.62,521.29,2388.13,8137.52,8.4412,0.03,393,2388,100.0,38.88,23.3668
70,65,0.0043,-0.0004,100.0,518.67,642.31,1581.73,1404.08,14.62,21.61,553.61,2388.06,9062.05,1.3,47.46,521.63,2388.07,8143.4,8.4314,0.03,394,2388,100.0,38.9,23.3583
70,66,-0.0013,0.0003,100.0,518.67,642.45,1590.07,1418.84,14.62,21.61,553.44,2388.06,9058.13,1.3,47.58,521.81,2388.1,8145.51,8.4242,0.03,393,2388,100.0,38.87,23.3148
70,67,0.0008,0.0001,100.0,518.67,643.05,1589.46,1407.97,14.62,21.61,553.48,2388.06,9065.02,1.3,47.39,521.46,2388.05,8140.76,8.4314,0.03,393,2388,100.0,38.77,23.3704
70,68,-0.0011,-0.0005,100.0,518.67,642.51,1589.06,1409.91,14.62,21.61,553.04,2388.07,9064.65,1.3,47.47,521.1,2388.08,8143.0,8.4409,0.03,393,2388,100.0,38.8,23.2743
70,69,0.0032,-0.0001,100.0,518.67,642.64,1593.68,1408.24,14.62,21.61,553.55,2388.11,9067.75,1.3,47.27,521.69,2388.06,8143.05,8.417,0.03,394,2388,100.0,38.77,23.3108
70,70,0.0014,-0.0,100.0,518.67,642.35,1588.16,1411.22,14.62,21.61,553.15,2388.13,9065.34,1.3,47.58,521.27,2388.09,8152.06,8.4603,0.03,393,2388,100.0,38.82,23.2694
70,71,0.0055,0.0001,100.0,518.67,642.4,1586.97,1407.59,14.62,21.61,553.5,2388.07,9060.85,1.3,47.64,521.32,2388.07,8138.64,8.4413,0.03,394,2388,100.0,38.75,23.3585
70,72,-0.0023,0.0003,100.0,518.67,642.58,1590.18,1416.18,14.62,21.61,553.04,2388.1,9057.35,1.3,47.65,521.35,2388.07,8144.7,8.4455,0.03,393,2388,100.0,38.87,23.2587
70,73,0.0013,-0.0003,100.0,518.67,642.95,1590.0,1406.83,14.62,21.61,553.96,2388.1,9064.18,1.3,47.36,521.05,2388.06,8147.65,8.4773,0.03,394,2388,100.0,38.73,23.2027
70,74,0.0004,0.0002,100.0,518.67,642.73,1587.9,1415.3,14.62,21.61,552.76,2388.07,9063.95,1.3,47.53,522.26,2388.12,8143.11,8.4129,0.03,393,2388,100.0,38.73,23.3053
70,75,-0.0019,-0.0001,100.0,518.67,642.4,1587.1,1411.15,14.62,21.61,554.14,2388.11,9070.38,1.3,47.5,521.31,2388.12,8140.27,8.4514,0.03,393,2388,100.0,38.87,23.2519
70,76,0.0033,0.0002,100.0,518.67,642.72,1588.83,1405.55,14.62,21.61,553.03,2388.05,9064.91,1.3,47.62,521.93,2388.09,8148.52,8.4114,0.03,394,2388,100.0,38.79,23.2899
70,77,-0.0017,0.0004,100.0,518.67,642.6,1595.6,1411.58,14.62,21.61,553.56,2388.08,9059.58,1.3,47.5,521.51,2388.07,8143.14,8.4291,0.03,394,2388,100.0,38.73,23.3028
70,78,-0.0037,-0.0,100.0,518.67,642.52,1592.75,1411.55,14.62,21.61,553.2,2388.07,9071.16,1.3,47.37,521.86,2388.05,8146.17,8.4225,0.03,394,2388,100.0,38.75,23.246
70,79,-0.0007,-0.0004,100.0,518.67,642.64,1592.64,1402.89,14.62,21.61,553.41,2388.06,9071.46,1.3,47.47,521.52,2388.14,8141.85,8.4397,0.03,392,2388,100.0,38.91,23.4019
70,80,0.0017,0.0002,100.0,518.67,642.16,1581.81,1407.59,14.62,21.61,553.65,2388.1,9069.13,1.3,47.62,521.08,2388.11,8144.07,8.419,0.03,392,2388,100.0,38.83,23.3113
70,81,-0.0011,0.0001,100.0,518.67,642.96,1591.52,1408.4,14.62,21.61,553.22,2388.07,9065.33,1.3,47.52,521.62,2388.15,8144.12,8.4468,0.03,393,2388,100.0,38.87,23.2215
70,82,0.0026,-0.0,100.0,518.67,642.62,1593.59,1409.09,14.62,21.61,553.73,2388.08,9068.99,1.3,47.59,521.76,2388.15,8148.07,8.4525,0.03,395,2388,100.0,38.86,23.2195
70,83,0.0018,0.0002,100.0,518.67,642.47,1591.42,1404.39,14.62,21.61,553.75,2388.12,9066.64,1.3,47.49,520.93,2388.09,8145.22,8.4526,0.03,392,2388,100.0,38.75,23.3757
70,84,0.0019,0.0003,100.0,518.67,642.34,1591.66,1418.72,14.62,21.61,553.73,2388.13,9065.54,1.3,47.58,521.27,2388.09,8142.82,8.447,0.03,394,2388,100.0,38.9,23.2996
70,85,-0.0019,-0.0004,100.0,518.67,642.58,1596.02,1409.61,14.62,21.61,553.75,2388.09,9065.44,1.3,47.4,521.36,2388.1,8141.18,8.4337,0.03,393,2388,100.0,38.83,23.1555
70,86,0.0036,-0.0005,100.0,518.67,642.9,1591.51,1406.46,14.62,21.61,554.17,2388.1,9067.45,1.3,47.55,522.03,2388.06,8149.94,8.4317,0.03,393,2388,100.0,38.79,23.2292
70,87,0.0005,-0.0004,100.0,518.67,643.03,1583.76,1408.78,14.62,21.61,553.51,2388.11,9066.74,1.3,47.72,520.96,2388.09,8147.74,8.4573,0.03,392,2388,100.0,38.81,23.3173
70,88,0.0052,-0.0003,100.0,518.67,642.99,1585.57,1408.28,14.62,21.61,552.75,2388.12,9066.85,1.3,47.69,521.45,2388.05,8150.2,8.4267,0.03,394,2388,100.0,38.72,23.2413
70,89,0.0008,0.0003,100.0,518.67,643.08,1589.03,1412.42,14.62,21.61,553.55,2388.08,9065.28,1.3,47.59,521.22,2388.08,8146.07,8.422,0.03,393,2388,100.0,38.68,23.385
70,90,0.0002,-0.0003,100.0,518.67,643.03,1589.87,1409.68,14.62,21.61,552.39,2388.1,9065.98,1.3,47.5,520.87,2388.12,8142.84,8.4814,0.03,393,2388,100.0,38.75,23.3049
70,91,0.0006,0.0002,100.0,518.67,642.69,1594.61,1411.31,14.62,21.61,554.08,2388.09,9062.89,1.3,47.9,521.03,2388.1,8146.24,8.4241,0.03,394,2388,100.0,38.75,23.3338
70,92,-0.001,-0.0004,100.0,518.67,643.32,1600.55,1409.96,14.62,21.61,553.36,2388.12,9075.13,1.3,47.57,521.09,2388.14,8143.49,8.4618,0.03,394,2388,100.0,38.91,23.2552
70,93,-0.0005,0.0002,100.0,518.67,642.53,1585.37,1410.92,14.62,21.61,552.78,2388.18,9062.99,1.3,47.83,521.48,2388.11,8145.16,8.4651,0.03,395,2388,100.0,38.7,23.2681
70,94,-0.0048,-0.0004,100.0,518.67,643.27,1588.34,1419.28,14.62,21.61,552.53,2388.16,9062.17,1.3,47.67,521.38,2388.09,8145.64,8.43,0.03,392,2388,100.0,38.76,23.3231
70,95,-0.0005,-0.0003,100.0,518.67,642.81,1598.27,1412.93,14.62,21.61,553.41,2388.08,9070.64,1.3,47.53,521.02,2388.07,8142.34,8.4413,0.03,394,2388,100.0,38.7,23.2145
70,96,-0.0044,0.0,100.0,518.67,643.29,1590.12,1409.99,14.62,21.61,552.44,2388.15,9077.15,1.3,47.57,521.21,2388.12,8149.55,8.4523,0.03,394,2388,100.0,38.67,23.2446
70,97,0.0011,-0.0003,100.0,518.67,642.77,1594.01,1409.39,14.62,21.61,552.09,2388.1,9068.4,1.3,47.73,520.76,2388.12,8150.83,8.4406,0.03,393,2388,100.0,38.72,23.2769
70,98,0.0032,-0.0001,100.0,518.67,643.1,1595.38,1412.86,14.62,21.61,553.36,2388.11,9076.74,1.3,47.84,521.05,2388.11,8148.35,8.4688,0.03,395,2388,100.0,38.82,23.0983
70,99,-0.0026,-0.0002,100.0,518.67,643.22,1594.31,1415.98,14.62,21.61,552.77,2388.14,9073.05,1.3,47.64,521.0,2388.12,8146.5,8.4131,0.03,393,2388,100.0,38.69,23.2598
70,100,0.0018,-0.0003,100.0,518.67,642.73,1591.19,1412.82,14.62,21.61,552.47,2388.12,9070.9,1.3,47.79,520.16,2388.09,8149.97,8.421,0.03,395,2388,100.0,38.79,23.2617
70,101,-0.0013,-0.0004,100.0,518.67,642.8,1592.44,1409.32,14.62,21.61,552.82,2388.13,9072.1,1.3,47.65,520.58,2388.15,8134.01,8.4677,0.03,393,2388,100.0,38.66,23.2031
70,102,-0.0009,0.0004,100.0,518.67,642.75,1591.72,1415.13,14.62,21.61,552.82,2388.05,9069.33,1.3,47.67,520.44,2388.11,8145.38,8.436,0.03,395,2388,100.0,38.76,23.1689
70,103,0.0042,-0.0001,100.0,518.67,642.99,1593.06,1416.34,14.62,21.61,552.47,2388.16,9068.63,1.3,47.74,520.28,2388.14,8148.55,8.4328,0.03,393,2388,100.0,38.68,23.1815
70,104,0.0001,-0.0002,100.0,518.67,643.54,1595.08,1410.32,14.62,21.61,552.69,2388.15,9083.24,1.3,47.52,520.97,2388.11,8151.0,8.5028,0.03,392,2388,100.0,38.66,23.2055
70,105,-0.0038,-0.0005,100.0,518.67,643.0,1594.12,1421.66,14.62,21.61,552.13,2388.1,9063.69,1.3,47.75,521.24,2388.06,8149.45,8.4585,0.03,393,2388,100.0,38.82,23.2273
70,106,-0.002,0.0003,100.0,518.67,643.26,1597.27,1409.21,14.62,21.61,553.05,2388.14,9067.86,1.3,47.7,520.82,2388.1,8147.01,8.442,0.03,392,2388,100.0,38.63,23.3283
70,107,0.0012,-0.0,100.0,518.67,643.36,1593.28,1411.13,14.62,21.61,553.11,2388.1,9067.8,1.3,47.76,520.04,2388.14,8152.75,8.4635,0.03,394,2388,100.0,38.68,23.1798
70,108,0.0004,0.0004,100.0,518.67,642.96,1592.76,1407.9,14.62,21.61,552.83,2388.08,9080.68,1.3,47.97,520.66,2388.1,8147.97,8.4696,0.03,394,2388,100.0,38.54,23.13
70,109,-0.0007,0.0003,100.0,518.67,642.6,1591.01,1417.75,14.62,21.61,553.24,2388.1,9078.0,1.3,47.92,520.52,2388.15,8150.51,8.4672,0.03,395,2388,100.0,38.66,23.1991
70,110,0.0027,0.0003,100.0,518.67,643.17,1592.01,1414.75,14.62,21.61,553.3,2388.15,9077.44,1.3,47.88,520.7,2388.19,8147.22,8.4846,0.03,395,2388,100.0,38.79,23.0781
70,111,0.0013,-0.0002,100.0,518.67,642.91,1591.59,1416.65,14.62,21.61,552.76,2388.12,9074.59,1.3,47.67,520.86,2388.16,8154.49,8.4647,0.03,395,2388,100.0,38.83,23.2232
70,112,-0.0002,-0.0003,100.0,518.67,643.15,1594.73,1417.91,14.62,21.61,552.08,2388.17,9079.39,1.3,47.89,520.57,2388.18,8151.62,8.4486,0.03,394,2388,100.0,38.68,23.1815
70,113,-0.0043,0.0004,100.0,518.67,643.04,1600.74,1415.53,14.62,21.61,551.97,2388.17,9078.31,1.3,47.74,520.89,2388.18,8149.65,8.5051,0.03,396,2388,100.0,38.64,23.2676
70,114,0.0001,0.0003,100.0,518.67,643.37,1594.45,1414.01,14.62,21.61,552.39,2388.12,9079.89,1.3,47.99,520.87,2388.15,8154.37,8.48,0.03,395,2388,100.0,38.61,23.2074
70,115,-0.0023,0.0003,100.0,518.67,643.37,1595.82,1420.94,14.62,21.61,552.27,2388.18,9085.54,1.3,47.78,520.24,2388.2,8154.98,8.4449,0.03,396,2388,100.0,38.73,23.2096
70,116,0.003,-0.0,100.0,518.67,643.31,1592.34,1424.37,14.62,21.61,552.41,2388.11,9085.15,1.3,47.69,520.89,2388.17,8152.65,8.4997,0.03,395,2388,100.0,38.74,23.2842
70,117,-0.0018,0.0004,100.0,518.67,643.5,1599.52,1420.24,14.62,21.61,552.31,2388.22,9086.28,1.3,47.88,521.33,2388.15,8151.77,8.4837,0.03,394,2388,100.0,38.74,23.0986
70,118,0.0043,0.0004,100.0,518.67,642.95,1594.4,1422.24,14.62,21.61,553.02,2388.18,9081.09,1.3,47.73,520.26,2388.16,8152.83,8.4741,0.03,393,2388,100.0,38.65,23.2814
70,119,-0.0048,-0.0005,100.0,518.67,643.23,1604.24,1421.08,14.62,21.61,552.68,2388.17,9075.29,1.3,47.86,521.1,2388.19,8146.88,8.4988,0.03,395,2388,100.0,38.62,23.2337
70,120,-0.0009,-0.0002,100.0,518.67,643.44,1599.91,1424.43,14.62,21.61,552.47,2388.13,9088.72,1.3,47.95,520.89,2388.14,8152.81,8.5184,0.03,395,2388,100.0,38.69,23.1808
70,121,0.0004,0.0004,100.0,518.67,643.45,1594.56,1424.79,14.62,21.61,552.13,2388.19,9085.49,1.3,47.79,520.23,2388.17,8162.48,8.5111,0.03,396,2388,100.0,38.56,23.0963
70,122,-0.0003,0.0001,100.0,518.67,642.9,1599.54,1424.63,14.62,21.61,552.43,2388.16,9083.26,1.3,47.87,520.3,2388.17,8159.6,8.5111,0.03,394,2388,100.0,38.66,23.1136
70,123,0.0062,0.0002,100.0,518.67,643.34,1600.71,1415.52,14.62,21.61,552.41,2388.14,9083.9,1.3,47.99,520.79,2388.2,8158.34,8.5128,0.03,394,2388,100.0,38.55,23.0728
70,124,0.0012,-0.0,100.0,518.67,643.63,1597.48,1424.03,14.62,21.61,552.17,2388.2,9088.37,1.3,48.09,520.43,2388.23,8158.22,8.4987,0.03,395,2388,100.0,38.61,23.1115
70,125,-0.0001,-0.0,100.0,518.67,643.51,1597.66,1426.85,14.62,21.61,552.05,2388.15,9079.61,1.3,48.02,520.18,2388.12,8160.11,8.5542,0.03,395,2388,100.0,38.56,23.1302
70,126,0.0049,0.0001,100.0,518.67,643.23,1595.68,1422.67,14.62,21.61,551.92,2388.19,9093.06,1.3,47.96,520.24,2388.19,8155.93,8.5038,0.03,394,2388,100.0,38.68,23.1466
70,127,0.003,0.0002,100.0,518.67,643.42,1596.61,1424.21,14.62,21.61,551.51,2388.15,9092.39,1.3,47.99,519.82,2388.12,8164.29,8.5076,0.03,394,2388,100.0,38.55,23.1544
70,128,-0.001,0.0001,100.0,518.67,643.76,1593.47,1425.2,14.62,21.61,552.06,2388.19,9096.48,1.3,47.92,520.49,2388.18,8162.88,8.4707,0.03,395,2388,100.0,38.22,23.137
70,129,-0.0031,-0.0005,100.0,518.67,643.73,1594.39,1421.83,14.62,21.61,551.88,2388.17,9093.69,1.3,48.12,520.18,2388.2,8161.91,8.4908,0.03,396,2388,100.0,38.57,23.0219
70,130,-0.002,0.0003,100.0,518.67,643.98,1599.26,1421.86,14.62,21.61,551.98,2388.22,9092.65,1.3,48.03,519.84,2388.23,8164.48,8.4962,0.03,397,2388,100.0,38.5,23.028
70,131,-0.0031,0.0003,100.0,518.67,643.29,1599.67,1424.65,14.62,21.61,552.02,2388.19,9105.43,1.3,48.06,520.81,2388.16,8163.53,8.504,0.03,397,2388,100.0,38.45,23.0682
70,132,0.0002,-0.0003,100.0,518.67,643.86,1597.87,1423.33,14.62,21.61,551.63,2388.21,9092.79,1.3,48.11,519.5,2388.16,8166.47,8.5224,0.03,396,2388,100.0,38.45,23.0418
70,133,-0.0015,-0.0001,100.0,518.67,644.1,1601.31,1430.27,14.62,21.61,551.49,2388.22,9095.9,1.3,47.99,519.83,2388.23,8167.97,8.4984,0.03,396,2388,100.0,38.41,23.1364
70,134,-0.0012,-0.0004,100.0,518.67,644.09,1605.88,1430.21,14.62,21.61,551.7,2388.18,9101.06,1.3,48.07,519.38,2388.18,8172.19,8.5328,0.03,397,2388,100.0,38.28,23.0637
70,135,0.0004,0.0003,100.0,518.67,643.55,1596.63,1426.86,14.62,21.61,551.5,2388.18,9096.97,1.3,48.09,519.38,2388.2,8167.46,8.5118,0.03,396,2388,100.0,38.48,23.0993
70,136,-0.0044,0.0,100.0,518.67,643.79,1601.3,1427.36,14.62,21.61,551.32,2388.22,9100.74,1.3,48.21,519.77,2388.25,8165.57,8.5529,0.03,398,2388,100.0,38.24,23.0289
70,137,0.0014,-0.0,100.0,518.67,643.39,1602.76,1434.81,14.62,21.61,551.64,2388.17,9106.12,1.3,48.16,519.6,2388.25,8173.73,8.5312,0.03,396,2388,100.0,38.49,23.1398
77,1,-0.0014,0.0004,100.0,518.67,642.62,1591.75,1411.32,14.62,21.61,553.71,2388.07,9052.57,1.3,47.55,521.45,2388.1,8126.56,8.4655,0.03,392,2388,100.0,38.92,23.2762
77,2,-0.0004,0.0004,100.0,518.67,642.46,1591.88,1406.97,14.62,21.61,553.44,2388.13,9043.86,1.3,47.3,521.67,2388.1,8127.46,8.4789,0.03,392,2388,100.0,38.88,23.2764
77,3,0.0042,0.0,100.0,518.67,641.78,1585.31,1400.54,14.62,21.61,553.67,2388.12,9051.11,1.3,47.39,521.46,2388.09,8125.17,8.435,0.03,394,2388,100.0,38.82,23.2387
77,4,0.0027,-0.0003,100.0,518.67,642.71,1592.71,1410.04,14.62,21.61,553.22,2388.13,9050.29,1.3,47.38,521.28,2388.14,8131.03,8.4365,0.03,393,2388,100.0,38.79,23.4034
77,5,-0.0001,0.0004,100.0,518.67,642.09,1587.59,1405.8,14.62,21.61,553.73,2388.1,9048.07,1.3,47.56,521.67,2388.11,8130.0,8.4685,0.03,391,2388,100.0,38.8,23.3085
77,6,0.0037,0.0001,100.0,518.67,642.85,1586.86,1405.66,14.62,21.61,553.39,2388.11,9051.76,1.3,47.5,521.45,2388.12,8127.13,8.4695,0.03,392,2388,100.0,38.83,23.2958
77,7,-0.0003,-0.0001,100.0,518.67,642.26,1583.78,1417.79,14.62,21.61,553.33,2388.06,9047.15,1.3,47.54,522.18,2388.11,8129.73,8.4786,0.03,393,2388,100.0,38.85,23.3976
77,8,0.0001,-0.0,100.0,518.67,642.4,1587.29,1405.13,14.62,21.61,553.6,2388.11,9045.31,1.3,47.56,522.0,2388.1,8131.74,8.4239,0.03,393,2388,100.0,38.93,23.3802
77,9,0.0044,0.0001,100.0,518.67,642.72,1589.08,1407.47,14.62,21.61,554.43,2388.07,9051.04,1.3,47.53,521.41,2388.1,8128.44,8.4484,0.03,392,2388,100.0,39.04,23.3733
77,10,0.002,-0.0004,100.0,518.67,642.83,1584.97,1407.97,14.62,21.61,553.87,2388.06,9044.83,1.3,47.32,520.77,2388.1,8125.32,8.4271,0.03,392,2388,100.0,38.77,23.355
77,11,0.0017,0.0004,100.0,518.67,643.13,1582.29,1407.13,14.62,21.61,553.11,2388.07,9040.34,1.3,47.36,521.24,2388.05,8129.87,8.4378,0.03,392,2388,100.0,38.77,23.2824
77,12,0.0027,0.0,100.0,518.67,642.3,1591.82,1406.0,14.62,21.61,553.9,2388.09,9049.8,1.3,47.34,522.05,2388.09,8127.33,8.429,0.03,391,2388,100.0,38.89,23.1751
77,13,0.0002,0.0004,100.0,518.67,642.12,1588.45,1402.71,14.62,21.61,554.04,2388.13,9044.83,1.3,47.48,521.35,2388.12,8126.64,8.4269,0.03,393,2388,100.0,38.93,23.1822
77,14,-0.0027,-0.0003,100.0,518.67,642.69,1590.52,1406.71,14.62,21.61,553.95,2388.17,9047.87,1.3,47.58,521.86,2388.1,8129.32,8.4128,0.03,391,2388,100.0,38.96,23.3022
77,15,-0.002,-0.0001,100.0,518.67,642.65,1587.02,1404.48,14.62,21.61,553.34,2388.09,9048.41,1.3,47.54,521.54,2388.1,8129.26,8.4149,0.03,392,2388,100.0,38.66,23.4028
77,16,0.0039,-0.0002,100.0,518.67,642.6,1583.71,1400.29,14.62,21.61,553.12,2388.14,9042.89,1.3,47.5,522.24,2388.07,8124.24,8.413,0.03,394,2388,100.0,38.98,23.4181
77,17,-0.0028,0.0003,100.0,518.67,642.83,1586.01,1406.36,14.62,21.61,553.7,2388.1,9049.88,1.3,47.46,521.05,2388.11,8129.36,8.4723,0.03,391,2388,100.0,38.78,23.3913
77,18,0.0027,-0.0003,100.0,518.67,642.29,1585.14,1402.4,14.62,21.61,553.36,2388.13,9055.48,1.3,47.65,521.34,2388.13,8132.27,8.4454,0.03,392,2388,100.0,39.08,23.3572
77,19,0.0021,-0.0,100.0,518.67,642.3,1583.71,1404.29,14.62,21.61,553.73,2388.05,9049.56,1.3,47.6,522.04,2388.08,8126.84,8.4475,0.03,392,2388,100.0,38.75,23.2646
77,20,0.0018,-0.0003,100.0,518.67,642.78,1586.51,1406.3,14.62,21.61,553.37,2388.15,9038.78,1.3,47.48,521.77,2388.09,8123.73,8.4324,0.03,393,2388,100.0,38.81,23.3789
77,21,-0.0016,0.0004,100.0,518.67,642.48,1586.09,1409.51,14.62,21.61,553.29,2388.07,9038.91,1.3,47.44,522.01,2388.07,8129.25,8.441,0.03,392,2388,100.0,38.88,23.3958
77,22,0.0004,0.0004,100.0,518.67,642.65,1589.23,1401.52,14.62,21.61,553.65,2388.07,9053.88,1.3,47.53,521.79,2388.05,8128.52,8.4108,0.03,393,2388,100.0,38.74,23.2414
77,23,-0.0003,0.0003,100.0,518.67,642.91,1594.68,1405.51,14.62,21.6,553.13,2388.11,9046.99,1.3,47.66,521.29,2388.1,8125.18,8.4833,0.03,394,2388,100.0,38.73,23.3472
77,24,-0.0002,0.0001,100.0,518.67,642.78,1589.04,1401.67,14.62,21.61,553.64,2388.14,9043.07,1.3,47.48,521.92,2388.13,8131.86,8.423,0.03,394,2388,100.0,38.89,23.2798
77,25,-0.0036,0.0001,100.0,518.67,642.53,1588.28,1409.97,14.62,21.61,553.94,2388.1,9046.35,1.3,47.46,521.83,2388.16,8127.14,8.4108,0.03,393,2388,100.0,38.81,23.309
77,26,-0.0041,0.0002,100.0,518.67,642.75,1590.76,1408.38,14.62,21.61,553.24,2388.09,9045.25,1.3,47.25,521.39,2388.13,8126.68,8.4172,0.03,392,2388,100.0,38.62,23.2673
77,27,0.0024,0.0001,100.0,518.67,642.43,1581.6,1403.69,14.62,21.61,553.03,2388.09,9051.98,1.3,47.58,521.32,2388.11,8125.36,8.4347,0.03,393,2388,100.0,38.93,23.3573
77,28,-0.0002,-0.0002,100.0,518.67,642.81,1591.61,1411.83,14.62,21.61,553.3,2388.08,9048.07,1.3,47.58,521.14,2388.12,8125.18,8.4303,0.03,393,2388,100.0,38.73,23.3459
77,29,-0.0031,0.0003,100.0,518.67,642.53,1591.34,1406.42,14.62,21.61,553.21,2388.13,9046.96,1.3,47.84,521.6,2388.11,8132.19,8.4392,0.03,393,2388,100.0,38.84,23.3505
77,30,0.0045,0.0003,100.0,518.67,642.64,1590.8,1408.42,14.62,21.61,553.13,2388.11,9041.08,1.3,47.47,521.88,2388.14,8129.32,8.4126,0.03,393,2388,100.0,38.83,23.329
77,31,0.0022,-0.0,100.0,518.67,642.86,1584.4,1410.95,14.62,21.61,554.48,2388.13,9048.44,1.3,47.48,521.42,2388.12,8125.14,8.4283,0.03,392,2388,100.0,38.8,23.3948
77,32,0.0002,-0.0004,100.0,518.67,642.58,1590.54,1409.97,14.62,21.61,553.79,2388.12,9047.25,1.3,47.47,521.48,2388.07,8127.97,8.4217,0.03,393,2388,100.0,38.82,23.3847
77,33,-0.0035,-0.0001,100.0,518.67,643.09,1592.54,1413.26,14.62,21.61,553.28,2388.1,9053.43,1.3,47.48,521.15,2388.15,8125.16,8.441,0.03,393,2388,100.0,38.51,23.2458
77,34,0.0011,0.0002,100.0,518.67,642.57,1586.78,1412.17,14.62,21.61,553.07,2388.11,9049.14,1.3,47.57,522.17,2388.11,8127.88,8.4323,0.03,393,2388,100.0,38.62,23.2752
77,35,0.0002,-0.0002,100.0,518.67,643.15,1583.88,1411.6,14.62,21.61,553.37,2388.1,9045.88,1.3,47.45,521.05,2388.16,8128.89,8.3685,0.03,395,2388,100.0,39.04,23.1706
77,36,-0.0035,-0.0001,100.0,518.67,642.86,1594.03,1407.96,14.62,21.61,553.37,2388.11,9053.23,1.3,47.52,521.73,2388.16,8129.77,8.4388,0.03,393,2388,100.0,38.79,23.3143
77,37,0.0008,-0.0004,100.0,518.67,642.86,1587.77,1407.27,14.62,21.61,553.79,2388.1,9051.84,1.3,47.39,521.22,2388.09,8128.76,8.4148,0.03,393,2388,100.0,38.83,23.3281
77,38,0.0008,0.0003,100.0,518.67,642.72,1597.55,1405.38,14.62,21.61,553.7,2388.17,9048.64,1.3,47.51,521.46,2388.08,8130.26,8.4451,0.03,394,2388,100.0,38.79,23.295
77,39,-0.0007,0.0004,100.0,518.67,642.61,1593.84,1404.44,14.62,21.61,553.46,2388.16,9043.12,1.3,47.61,520.93,2388.14,8127.77,8.435,0.03,392,2388,100.0,38.96,23.3754
77,40,-0.0027,-0.0001,100.0,518.67,642.44,1591.76,1414.29,14.62,21.61,554.06,2388.13,9048.97,1.3,47.3,521.17,2388.11,8129.89,8.4554,0.03,393,2388,100.0,38.79,23.3284
77,41,-0.0018,0.0003,100.0,518.67,642.88,1587.79,1411.2,14.62,21.61,553.64,2388.12,9042.76,1.3,47.61,521.45,2388.12,8128.33,8.4518,0.03,392,2388,100.0,38.79,23.2787
77,42,0.002,0.0002,100.0,518.67,642.37,1591.22,1413.4,14.62,21.61,553.38,2388.1,9046.55,1.3,47.3,521.49,2388.09,8129.82,8.4026,0.03,393,2388,100.0,38.85,23.3589
77,43,-0.0019,-0.0002,100.0,518.67,642.08,1589.69,1407.35,14.62,21.61,553.46,2388.1,9051.92,1.3,47.4,521.4,2388.09,8131.22,8.424,0.03,393,2388,100.0,38.95,23.2972
77,44,-0.0031,-0.0003,100.0,518.67,642.44,1587.27,1410.17,14.62,21.61,553.34,2388.1,9047.4,1.3,47.49,521.79,2388.13,8128.11,8.4046,0.03,393,2388,100.0,38.91,23.2408
77,45,-0.0033,0.0004,100.0,518.67,642.74,1587.64,1402.95,14.62,21.61,553.49,2388.11,9044.43,1.3,47.66,521.0,2388.1,8132.36,8.4377,0.03,393,2388,100.0,38.84,23.261
77,46,-0.0012,-0.0005,100.0,518.67,642.68,1582.92,1409.79,14.62,21.61,553.86,2388.12,9052.99,1.3,47.49,521.38,2388.1,8130.63,8.4281,0.03,392,2388,100.0,38.7,23.3302
77,47,-0.0024,0.0003,100.0,518.67,642.47,1583.7,1409.03,14.62,21.61,553.14,2388.12,9038.29,1.3,47.47,521.17,2388.13,8132.26,8.4475,0.03,392,2388,100.0,38.86,23.3859
77,48,0.0022,-0.0005,100.0,518.67,642.42,1597.41,1410.16,14.62,21.61,553.18,2388.06,9054.29,1.3,47.57,521.4,2388.1,8122.84,8.43,0.03,394,2388,100.0,38.84,23.1625
77,49,-0.0036,-0.0002,100.0,518.67,642.48,1580.52,1403.2,14.62,21.61,553.46,2388.1,9056.41,1.3,47.49,521.0,2388.06,8133.78,8.4468,0.03,393,2388,100.0,38.76,23.2819
77,50,0.0027,-0.0001,100.0,518.67,642.82,1589.72,1409.9,14.62,21.61,553.86,2388.13,9045.49,1.3,47.47,521.17,2388.1,8130.52,8.471,0.03,391,2388,100.0,39.05,23.4174
77,51,-0.0018,-0.0003,100.0,518.67,642.27,1588.62,1409.17,14.62,21.61,553.42,2388.16,9046.56,1.3,47.67,521.7,2388.08,8124.53,8.4048,0.03,391,2388,100.0,38.87,23.3369
77,52,-0.0007,0.0,100.0,518.67,642.49,1582.17,1408.6,14.62,21.61,552.97,2388.16,9048.86,1.3,47.46,521.63,2388.15,8127.07,8.4623,0.03,394,2388,100.0,38.81,23.3384
77,53,0.0026,0.0003,100.0,518.67,642.44,1596.23,1400.69,14.62,21.61,553.8,2388.15,9052.42,1.3,47.61,521.75,2388.15,8129.98,8.4371,0.03,394,2388,100.0,38.93,23.2566
77,54,-0.0024,-0.0005,100.0,518.67,642.93,1591.77,1415.77,14.62,21.61,552.87,2388.1,9047.56,1.3,47.29,521.22,2388.11,8130.84,8.4356,0.03,392,2388,100.0,39.0,23.3543
77,55,0.0015,0.0003,100.0,518.67,642.2,1594.71,1405.16,14.62,21.61,553.43,2388.11,9043.52,1.3,47.68,521.55,2388.14,8122.49,8.475,0.03,392,2388,100.0,38.92,23.2863
77,56,-0.0009,0.0001,100.0,518.67,642.37,1588.1,1405.53,14.62,21.61,553.31,2388.09,9038.23,1.3,47.47,521.71,2388.11,8130.7,8.4175,0.03,393,2388,100.0,38.94,23.2648
77,57,-0.0013,-0.0001,100.0,518.67,642.13,1583.93,1408.03,14.62,21.61,553.4,2388.1,9053.14,1.3,47.5,521.83,2388.11,8126.8,8.4475,0.03,392,2388,100.0,38.95,23.3684
77,58,-0.0003,0.0002,100.0,518.67,642.84,1598.44,1410.33,14.62,21.61,553.64,2388.13,9043.84,1.3,47.53,521.34,2388.15,8130.45,8.3891,0.03,394,2388,100.0,38.9,23.2831
77,59,0.0,0.0001,100.0,518.67,642.95,1590.79,1414.84,14.62,21.61,553.34,2388.11,9048.92,1.3,47.55,521.14,2388.11,8133.0,8.4291,0.03,392,2388,100.0,38.83,23.4754
77,60,-0.0012,0.0003,100.0,518.67,642.97,1589.3,1411.12,14.62,21.61,553.26,2388.12,9051.33,1.3,47.57,522.08,2388.11,8126.5,8.4331,0.03,395,2388,100.0,38.8,23.1977
77,61,-0.002,0.0,100.0,518.67,642.75,1585.58,1407.62,14.62,21.61,554.26,2388.15,9059.93,1.3,47.58,521.56,2388.11,8126.26,8.4144,0.03,394,2388,100.0,38.61,23.0833
77,62,-0.0027,-0.0004,100.0,518.67,642.47,1588.19,1404.54,14.62,21.61,553.36,2388.05,9046.8,1.3,47.41,521.53,2388.08,8134.25,8.4303,0.03,394,2388,100.0,38.71,23.2392
77,63,-0.005,-0.0005,100.0,518.67,642.97,1585.94,1411.6,14.62,21.61,552.87,2388.09,9047.21,1.3,47.45,521.11,2388.1,8128.25,8.4202,0.03,393,2388,100.0,38.98,23.268
77,64,0.0005,-0.0005,100.0,518.67,642.98,1586.2,1408.5,14.62,21.61,553.36,2388.13,9048.87,1.3,47.59,521.48,2388.14,8124.09,8.4573,0.03,392,2388,100.0,38.62,23.2905
77,65,0.0015,0.0005,100.0,518.67,642.57,1588.21,1407.15,14.62,21.61,553.51,2388.08,9050.16,1.3,47.42,521.53,2388.18,8127.03,8.4491,0.03,393,2388,100.0,38.94,23.3022
77,66,-0.0019,-0.0003,100.0,518.67,642.62,1587.43,1403.97,14.62,21.61,552.97,2388.14,9047.37,1.3,47.4,521.79,2388.14,8126.05,8.4276,0.03,393,2388,100.0,38.74,23.2277
77,67,0.0004,0.0001,100.0,518.67,642.73,1583.73,1400.57,14.62,21.61,552.59,2388.13,9048.95,1.3,47.48,521.25,2388.14,8127.39,8.4337,0.03,394,2388,100.0,38.71,23.2643
77,68,-0.0049,0.0002,100.0,518.67,643.13,1592.02,1409.43,14.62,21.61,553.16,2388.12,9049.47,1.3,47.54,520.89,2388.18,8125.26,8.4225,0.03,394,2388,100.0,38.86,23.3131
77,69,-0.0017,-0.0005,100.0,518.67,642.85,1592.74,1415.08,14.62,21.61,553.67,2388.12,9059.37,1.3,47.66,520.94,2388.15,8128.6,8.4488,0.03,393,2388,100.0,38.71,23.3626
77,70,-0.0001,0.0001,100.0,518.67,642.72,1589.98,1404.1,14.62,21.61,552.87,2388.13,9043.37,1.3,47.51,520.97,2388.09,8126.36,8.4139,0.03,393,2388,100.0,38.61,23.3068
77,71,-0.0021,-0.0005,100.0,518.67,642.39,1587.44,1410.37,14.62,21.61,553.86,2388.13,9037.91,1.3,47.47,521.82,2388.1,8133.61,8.4402,0.03,394,2388,100.0,38.88,23.3426
77,72,0.001,0.0004,100.0,518.67,642.67,1593.31,1407.45,14.62,21.61,553.73,2388.13,9057.47,1.3,47.51,520.63,2388.14,8135.84,8.4475,0.03,395,2388,100.0,38.85,23.1779
77,73,-0.0019,0.0001,100.0,518.67,642.68,1591.07,1406.97,14.62,21.61,553.35,2388.07,9050.25,1.3,47.39,522.19,2388.11,8128.17,8.4263,0.03,393,2388,100.0,38.59,23.2978
77,74,0.0023,-0.0005,100.0,518.67,642.39,1588.72,1406.81,14.62,21.61,552.85,2388.15,9047.66,1.3,47.56,521.19,2388.11,8127.61,8.4572,0.03,391,2388,100.0,38.66,23.3184
77,75,0.0026,-0.0005,100.0,518.67,642.6,1585.52,1408.78,14.62,21.61,552.81,2388.16,9049.9,1.3,47.66,521.09,2388.12,8129.8,8.4308,0.03,394,2388,100.0,38.88,23.2415
77,76,-0.0009,-0.0003,100.0,518.67,642.63,1590.84,1408.48,14.62,21.61,553.0,2388.12,9043.37,1.3,47.56,521.92,2388.12,8125.5,8.4614,0.03,394,2388,100.0,38.64,23.2522
77,77,-0.0018,0.0003,100.0,518.67,642.29,1595.03,1410.47,14.62,21.61,553.14,2388.14,9054.59,1.3,47.5,521.4,2388.14,8134.47,8.4462,0.03,394,2388,100.0,39.01,23.2614
77,78,0.0008,0.0003,100.0,518.67,643.19,1597.73,1410.18,14.62,21.61,553.35,2388.1,9051.39,1.3,47.62,521.33,2388.12,8131.49,8.4136,0.03,395,2388,100.0,38.82,23.2295
77,79,0.0061,0.0002,100.0,518.67,642.43,1594.06,1413.98,14.62,21.61,553.05,2388.15,9050.49,1.3,47.57,521.16,2388.15,8134.9,8.4623,0.03,394,2388,100.0,38.8,23.33
77,80,-0.0003,0.0003,100.0,518.67,643.81,1583.38,1408.73,14.62,21.61,552.61,2388.14,9048.86,1.3,47.66,521.35,2388.17,8128.71,8.4462,0.03,392,2388,100.0,38.91,23.1968
77,81,0.0015,-0.0004,100.0,518.67,642.81,1585.68,1410.62,14.62,21.61,553.67,2388.08,9052.18,1.3,47.6,521.36,2388.18,8131.46,8.4422,0.03,392,2388,100.0,38.91,23.2506
77,82,0.0001,0.0,100.0,518.67,642.3,1590.81,1408.56,14.62,21.61,552.84,2388.15,9047.23,1.3,47.55,521.53,2388.14,8133.45,8.4049,0.03,392,2388,100.0,38.72,23.2538
77,83,-0.0013,-0.0003,100.0,518.67,643.13,1577.92,1413.41,14.62,21.61,553.68,2388.14,9046.2,1.3,47.55,521.64,2388.14,8130.09,8.451,0.03,393,2388,100.0,38.92,23.2085
77,84,-0.0035,0.0003,100.0,518.67,642.88,1589.73,1411.57,14.62,21.61,552.82,2388.17,9049.31,1.3,47.42,521.48,2388.11,8136.19,8.4467,0.03,393,2388,100.0,38.71,23.2559
77,85,-0.0003,0.0004,100.0,518.67,642.85,1582.0,1414.03,14.62,21.61,552.85,2388.13,9052.55,1.3,47.48,521.3,2388.09,8134.64,8.434,0.03,393,2388,100.0,38.83,23.3199
77,86,-0.0026,0.0002,100.0,518.67,643.33,1592.79,1414.83,14.62,21.61,552.99,2388.15,9048.4,1.3,47.26,521.28,2388.16,8126.46,8.4295,0.03,394,2388,100.0,38.89,23.2344
77,87,-0.0039,-0.0005,100.0,518.67,642.52,1591.29,1410.93,14.62,21.61,553.65,2388.16,9050.5,1.3,47.49,521.34,2388.13,8127.18,8.4526,0.03,395,2388,100.0,38.82,23.2805
77,88,0.0019,-0.0004,100.0,518.67,643.05,1586.76,1411.6,14.62,21.61,552.88,2388.14,9044.05,1.3,47.56,521.89,2388.15,8128.51,8.455,0.03,393,2388,100.0,38.87,23.1114
77,89,-0.0054,0.0003,100.0,518.67,642.23,1595.81,1416.13,14.62,21.61,553.01,2388.17,9050.62,1.3,47.55,521.37,2388.11,8126.2,8.4701,0.03,395,2388,100.0,38.72,23.2725
77,90,0.0023,0.0001,100.0,518.67,642.68,1596.51,1411.4,14.62,21.61,553.13,2388.11,9058.56,1.3,47.52,521.87,2388.06,8135.04,8.4489,0.03,393,2388,100.0,38.85,23.2674
77,91,-0.0037,-0.0001,100.0,518.67,642.79,1591.8,1410.94,14.62,21.61,552.69,2388.19,9059.03,1.3,47.43,521.39,2388.19,8133.14,8.4421,0.03,393,2388,100.0,38.69,23.2535
77,92,0.0022,0.0004,100.0,518.67,642.93,1590.2,1410.71,14.62,21.61,553.31,2388.15,9046.56,1.3,47.59,521.24,2388.17,8133.08,8.4194,0.03,392,2388,100.0,38.78,23.3732
77,93,0.0014,0.0003,100.0,518.67,642.94,1591.57,1416.97,14.62,21.61,552.65,2388.13,9052.23,1.3,47.66,521.84,2388.11,8132.58,8.4608,0.03,394,2388,100.0,38.64,23.2091
77,94,0.0021,-0.0001,100.0,518.67,642.91,1596.19,1412.86,14.62,21.61,553.63,2388.16,9052.06,1.3,47.7,520.57,2388.15,8132.66,8.466,0.03,395,2388,100.0,38.87,23.2291
77,95,-0.0023,0.0001,100.0,518.67,643.66,1596.08,1413.47,14.62,21.61,553.26,2388.1,9061.09,1.3,47.76,520.88,2388.17,8135.11,8.4564,0.03,394,2388,100.0,38.63,23.2428
77,96,0.0011,0.0001,100.0,518.67,642.85,1588.31,1410.49,14.62,21.61,553.14,2388.14,9054.12,1.3,47.64,521.43,2388.13,8129.89,8.4781,0.03,395,2388,100.0,38.46,23.3453
77,97,0.0015,-0.0004,100.0,518.67,643.2,1591.43,1415.41,14.62,21.61,553.11,2388.16,9055.91,1.3,47.65,520.78,2388.12,8134.69,8.4438,0.03,393,2388,100.0,38.86,23.3717
77,98,-0.0005,0.0,100.0,518.67,643.21,1591.89,1410.02,14.62,21.61,552.55,2388.12,9054.4,1.3,47.86,520.78,2388.13,8133.82,8.4574,0.03,394,2388,100.0,38.74,23.3392
77,99,-0.0037,-0.0003,100.0,518.67,642.69,1593.86,1419.78,14.62,21.61,552.27,2388.1,9049.52,1.3,47.92,521.42,2388.16,8127.02,8.4468,0.03,392,2388,100.0,38.75,23.1453
77,100,-0.0028,0.0001,100.0,518.67,642.58,1591.63,1408.58,14.62,21.61,553.27,2388.15,9059.1,1.3,48.0,521.16,2388.15,8135.8,8.4518,0.03,392,2388,100.0,38.59,23.2791
77,101,-0.0003,0.0,100.0,518.67,643.13,1588.67,1418.41,14.62,21.61,553.54,2388.14,9051.04,1.3,47.55,520.99,2388.13,8129.94,8.4546,0.03,394,2388,100.0,38.67,23.1787
77,102,-0.0002,0.0,100.0,518.67,642.87,1589.1,1407.1,14.62,21.61,552.9,2388.13,9058.88,1.3,47.56,520.89,2388.12,8133.96,8.4667,0.03,394,2388,100.0,38.81,23.3418
77,103,-0.0,-0.0003,100.0,518.67,642.8,1593.24,1418.63,14.62,21.61,552.53,2388.16,9058.55,1.3,47.63,521.58,2388.13,8131.86,8.4544,0.03,393,2388,100.0,38.75,23.3725
77,104,-0.0018,-0.0003,100.0,518.67,642.61,1593.13,1412.38,14.62,21.61,553.06,2388.18,9060.97,1.3,47.43,521.38,2388.12,8127.62,8.4264,0.03,392,2388,100.0,38.59,23.2386
77,105,-0.0012,0.0003,100.0,518.67,642.89,1598.96,1410.11,14.62,21.61,552.9,2388.15,9062.35,1.3,47.57,520.79,2388.15,8135.49,8.4865,0.03,394,2388,100.0,38.48,23.2111
77,106,0.0009,-0.0004,100.0,518.67,642.87,1594.48,1413.62,14.62,21.61,552.58,2388.16,9054.53,1.3,47.52,520.94,2388.14,8137.62,8.4716,0.03,393,2388,100.0,38.67,23.3073
77,107,0.0043,0.0002,100.0,518.67,642.78,1596.86,1416.49,14.62,21.61,552.73,2388.13,9051.31,1.3,47.65,521.74,2388.14,8129.71,8.4984,0.03,395,2388,100.0,38.69,23.2329
77,108,0.0021,0.0001,100.0,518.67,642.97,1584.63,1413.1,14.62,21.61,553.14,2388.15,9051.31,1.3,47.72,521.09,2388.1,8130.85,8.4792,0.03,392,2388,100.0,38.78,23.2998
77,109,0.0016,0.0002,100.0,518.67,642.78,1590.58,1414.81,14.62,21.61,551.93,2388.21,9054.3,1.3,47.68,521.34,2388.14,8129.73,8.4544,0.03,394,2388,100.0,38.61,23.1994
77,110,0.0034,-0.0004,100.0,518.67,643.02,1592.21,1410.16,14.62,21.61,552.59,2388.16,9053.16,1.3,47.58,520.94,2388.08,8135.14,8.4558,0.03,394,2388,100.0,38.76,23.2266
77,111,0.002,-0.0001,100.0,518.67,642.9,1598.66,1413.97,14.62,21.61,552.21,2388.14,9057.46,1.3,47.63,520.96,2388.15,8129.16,8.4689,0.03,395,2388,100.0,38.72,23.2498
77,112,-0.0025,0.0003,100.0,518.67,643.05,1592.8,1409.7,14.62,21.61,552.73,2388.18,9053.4,1.3,47.69,521.27,2388.1,8133.61,8.4473,0.03,394,2388,100.0,38.92,23.2031
77,113,-0.0026,-0.0003,100.0,518.67,643.13,1595.98,1420.67,14.62,21.61,552.87,2388.24,9057.16,1.3,47.93,520.65,2388.19,8137.01,8.4711,0.03,395,2388,100.0,38.74,23.2162
77,114,-0.0015,-0.0001,100.0,518.67,643.29,1587.44,1411.73,14.62,21.61,553.81,2388.15,9056.06,1.3,47.73,520.74,2388.13,8134.99,8.4742,0.03,393,2388,100.0,38.55,23.3422
77,115,0.0059,0.0004,100.0,518.67,642.53,1593.62,1418.29,14.62,21.61,553.38,2388.12,9060.76,1.3,47.64,520.43,2388.14,8140.01,8.4364,0.03,394,2388,100.0,38.64,23.2204
77,116,0.0022,-0.0002,100.0,518.67,642.97,1587.52,1411.88,14.62,21.61,552.13,2388.19,9060.42,1.3,47.67,521.05,2388.15,8133.11,8.487,0.03,394,2388,100.0,38.54,23.2477
77,117,-0.0004,-0.0004,100.0,518.67,643.32,1590.98,1420.44,14.62,21.61,553.16,2388.18,9060.3,1.3,47.64,519.82,2388.17,8134.6,8.4641,0.03,393,2388,100.0,38.59,23.1911
77,118,-0.0027,0.0004,100.0,518.67,643.37,1601.89,1410.66,14.62,21.61,552.01,2388.15,9059.95,1.3,47.88,520.94,2388.12,8134.64,8.4651,0.03,395,2388,100.0,38.82,23.1519
77,119,0.0014,0.0003,100.0,518.67,643.05,1592.65,1420.46,14.62,21.61,553.13,2388.14,9061.23,1.3,47.71,521.21,2388.16,8132.12,8.4747,0.03,394,2388,100.0,38.81,23.2016
77,120,0.0015,0.0004,100.0,518.67,643.01,1595.5,1409.15,14.62,21.61,552.21,2388.22,9052.98,1.3,47.75,521.34,2388.13,8131.6,8.4541,0.03,394,2388,100.0,38.66,23.1672
77,121,0.0013,0.0002,100.0,518.67,643.01,1588.1,1419.72,14.62,21.61,552.49,2388.17,9057.49,1.3,47.93,520.6,2388.13,8137.39,8.4468,0.03,393,2388,100.0,38.73,23.1984
77,122,-0.0038,-0.0003,100.0,518.67,642.9,1594.92,1412.66,14.62,21.61,552.75,2388.19,9062.93,1.3,47.67,520.28,2388.21,8135.36,8.4789,0.03,393,2388,100.0,38.7,23.172
77,123,-0.0003,-0.0,100.0,518.67,643.04,1589.03,1416.1,14.62,21.61,553.6,2388.18,9063.49,1.3,47.74,520.75,2388.16,8140.02,8.4533,0.03,393,2388,100.0,38.56,23.2158
77,124,0.0024,-0.0003,100.0,518.67,643.03,1590.52,1416.74,14.62,21.61,552.41,2388.19,9059.84,1.3,47.89,520.69,2388.19,8135.14,8.4787,0.03,393,2388,100.0,38.77,23.1952
77,125,0.0008,0.0,100.0,518.67,643.06,1599.57,1418.51,14.62,21.61,552.11,2388.23,9061.21,1.3,47.81,520.37,2388.2,8139.7,8.4794,0.03,393,2388,100.0,38.54,23.2455
77,126,-0.0021,-0.0003,100.0,518.67,642.93,1593.37,1417.47,14.62,21.61,552.5,2388.18,9059.33,1.3,47.87,520.86,2388.18,8140.62,8.4454,0.03,394,2388,100.0,38.8,23.166
77,127,-0.0034,-0.0003,100.0,518.67,643.48,1592.36,1424.27,14.62,21.61,552.78,2388.18,9052.08,1.3,47.79,520.35,2388.22,8135.83,8.4995,0.03,395,2388,100.0,38.9,23.2057
77,128,-0.0045,-0.0002,100.0,518.67,643.2,1599.17,1421.89,14.62,21.61,552.47,2388.14,9063.91,1.3,47.77,520.38,2388.19,8135.47,8.4873,0.03,394,2388,100.0,38.53,23.1953
77,129,-0.0021,0.0001,100.0,518.67,643.55,1590.15,1417.15,14.62,21.61,552.49,2388.16,9063.9,1.3,47.87,520.03,2388.16,8142.11,8.5181,0.03,396,2388,100.0,38.85,23.1989
77,130,-0.0023,0.0001,100.0,518.67,643.02,1595.82,1422.54,14.62,21.61,552.46,2388.18,9068.36,1.3,47.84,520.43,2388.13,8141.41,8.4626,0.03,396,2388,100.0,38.83,23.1767
77,131,-0.0,0.0001,100.0,518.67,643.06,1596.61,1412.71,14.62,21.61,552.04,2388.16,9061.24,1.3,47.86,520.99,2388.2,8140.25,8.4882,0.03,395,2388,100.0,38.74,23.3388
77,132,0.0012,-0.0004,100.0,518.67,643.38,1602.24,1420.27,14.62,21.61,552.66,2388.19,9062.0,1.3,48.0,520.19,2388.22,8142.13,8.487,0.03,395,2388,100.0,38.52,23.1739
77,133,0.0032,-0.0005,100.0,518.67,643.06,1590.19,1418.03,14.62,21.61,551.9,2388.17,9062.99,1.3,47.65,520.73,2388.14,8134.1,8.5025,0.03,396,2388,100.0,38.42,23.147
77,134,0.0006,0.0002,100.0,518.67,643.66,1595.34,1417.9,14.62,21.61,552.93,2388.19,9067.22,1.3,47.92,520.61,2388.14,8138.58,8.4781,0.03,394,2388,100.0,38.77,23.1558
77,135,0.0007,0.0004,100.0,518.67,643.37,1592.53,1419.16,14.62,21.61,552.18,2388.18,9055.96,1.3,47.93,520.48,2388.21,8134.54,8.5044,0.03,396,2388,100.0,38.64,23.1469
77,136,-0.0018,0.0002,100.0,518.67,643.98,1591.07,1409.57,14.62,21.61,552.29,2388.21,9064.23,1.3,48.0,520.1,2388.23,8136.58,8.4964,0.03,396,2388,100.0,38.7,23.1985
77,137,-0.005,-0.0004,100.0,518.67,642.93,1606.2,1417.29,14.62,21.61,551.79,2388.21,9061.16,1.3,47.97,520.51,2388.24,8136.32,8.4975,0.03,395,2388,100.0,38.56,23.1274
77,138,0.0025,0.0004,100.0,518.67,643.14,1608.28,1419.0,14.62,21.61,552.45,2388.17,9071.95,1.3,47.83,520.49,2388.2,8140.63,8.5129,0.03,396,2388,100.0,38.52,23.1556
77,139,-0.0047,-0.0005,100.0,518.67,643.41,1601.91,1419.03,14.62,21.61,551.99,2388.21,9065.21,1.3,47.95,520.67,2388.19,8139.01,8.4958,0.03,394,2388,100.0,38.5,23.0929
77,140,0.0024,-0.0002,100.0,518.67,643.24,1596.97,1423.24,14.62,21.61,551.9,2388.22,9074.99,1.3,47.97,520.29,2388.18,8143.94,8.5246,0.03,395,2388,100.0,38.54,23.0823
77,141,0.0007,-0.0004,100.0,518.67,643.09,1602.25,1416.6,14.62,21.61,551.73,2388.21,9062.39,1.3,47.86,520.26,2388.17,8145.57,8.4908,0.03,396,2388,100.0,38.66,23.0397
77,142,0.0013,0.0001,100.0,518.67,643.02,1593.8,1426.77,14.62,21.61,551.85,2388.22,9074.13,1.3,47.91,520.27,2388.21,8144.85,8.4793,0.03,395,2388,100.0,38.64,23.1973
77,143,0.0017,0.0,100.0,518.67,643.27,1606.55,1421.85,14.62,21.61,552.02,2388.21,9064.42,1.3,47.91,520.08,2388.21,8143.23,8.4697,0.03,394,2388,100.0,38.61,23.099
77,144,-0.0018,0.0002,100.0,518.67,643.87,1599.52,1423.96,14.62,21.61,551.49,2388.23,9071.32,1.3,47.97,519.93,2388.26,8146.54,8.465,0.03,396,2388,100.0,38.71,23.0314
77,145,-0.0035,-0.0002,100.0,518.67,643.03,1599.24,1426.0,14.62,21.61,551.31,2388.22,9070.29,1.3,48.07,520.21,2388.25,8145.02,8.5291,0.03,395,2388,100.0,38.66,23.0945
77,146,0.0002,0.0004,100.0,518.67,643.12,1606.96,1423.84,14.62,21.61,552.0,2388.2,9067.18,1.3,48.02,519.85,2388.23,8144.68,8.5117,0.03,396,2388,100.0,38.5,23.1474
77,147,0.0018,0.0004,100.0,518.67,642.92,1598.62,1419.2,14.62,21.61,551.88,2388.19,9072.67,1.3,48.17,519.76,2388.11,8136.32,8.527,0.03,396,2388,100.0,38.41,23.1524
77,148,-0.0002,-0.0003,100.0,518.67,643.52,1590.78,1426.85,14.62,21.61,552.29,2388.14,9074.69,1.3,48.1,519.73,2388.24,8151.88,8.5134,0.03,395,2388,100.0,38.4,23.0164
77,149,-0.0025,0.0004,100.0,518.67,643.52,1602.14,1428.06,14.62,21.61,551.19,2388.21,9074.56,1.3,48.03,519.29,2388.2,8143.76,8.5141,0.03,396,2388,100.0,38.26,22.9364
77,150,0.001,-0.0002,100.0,518.67,643.87,1599.88,1430.02,14.62,21.61,551.01,2388.24,9078.59,1.3,48.29,519.64,2388.25,8141.64,8.5131,0.03,397,2388,100.0,38.45,23.0717
77,151,-0.0003,-0.0005,100.0,518.67,643.35,1603.88,1425.5,14.62,21.61,552.22,2388.24,9072.62,1.3,48.12,520.54,2388.28,8146.6,8.517,0.03,395,2388,100.0,38.44,23.0762
77,152,-0.0002,0.0003,100.0,518.67,643.79,1606.27,1427.02,14.62,21.61,552.07,2388.21,9073.81,1.3,48.14,519.71,2388.27,8145.5,8.5169,0.03,395,2388,100.0,38.64,23.107
77,153,-0.0012,0.0002,100.0,518.67,643.81,1607.37,1426.15,14.62,21.61,550.82,2388.3,9080.28,1.3,48.26,519.19,2388.2,8151.17,8.53,0.03,395,2388,100.0,38.46,23.1067
77,154,0.0009,-0.0004,100.0,518.67,643.49,1601.95,1423.58,14.62,21.61,551.86,2388.27,9074.92,1.3,48.08,519.38,2388.24,8148.51,8.5105,0.03,399,2388,100.0,38.29,23.0154
97,1,-0.0038,0.0003,100.0,518.67,642.01,1581.83,1395.4,14.62,21.61,554.31,2388.04,9044.3,1.3,47.21,522.34,2388.05,8130.81,8.4027,0.03,391,2388,100.0,38.94,23.3732
97,2,-0.0018,-0.0001,100.0,518.67,641.99,1582.99,1402.05,14.62,21.61,554.67,2388.03,9049.88,1.3,47.2,522.06,2388.08,8131.43,8.4072,0.03,392,2388,100.0,39.14,23.3984
97,3,-0.0045,-0.0002,100.0,518.67,641.9,1586.14,1403.8,14.62,21.61,554.1,2388.07,9047.9,1.3,47.35,522.66,2388.1,8129.52,8.418,0.03,392,2388,100.0,38.97,23.4038
97,4,0.0022,0.0006,100.0,518.67,642.59,1594.96,1406.16,14.62,21.61,554.06,2388.03,9042.72,1.3,47.31,522.45,2388.06,8131.14,8.4305,0.03,393,2388,100.0,39.02,23.3398
97,5,-0.0028,-0.0002,100.0,518.67,641.89,1587.52,1406.07,14.62,21.61,553.72,2388.03,9047.37,1.3,47.38,521.56,2388.0,8130.03,8.4265,0.03,393,2388,100.0,38.92,23.418
97,6,-0.0002,-0.0002,100.0,518.67,642.32,1590.17,1401.05,14.62,21.61,553.86,2387.98,9047.21,1.3,47.43,522.39,2388.05,8130.17,8.3876,0.03,392,2388,100.0,39.01,23.3886
97,7,-0.0007,-0.0001,100.0,518.67,642.54,1583.02,1398.34,14.62,21.61,553.77,2388.12,9053.04,1.3,47.39,521.82,2388.12,8126.5,8.4383,0.03,392,2388,100.0,38.77,23.3925
97,8,0.0003,0.0002,100.0,518.67,642.73,1579.57,1401.22,14.62,21.61,554.02,2388.09,9045.21,1.3,47.41,522.2,2388.08,8132.09,8.4099,0.03,393,2388,100.0,39.03,23.3544
97,9,0.0022,-0.0001,100.0,518.67,641.96,1582.75,1398.52,14.62,21.61,554.53,2388.08,9045.33,1.3,47.32,522.35,2388.05,8125.16,8.4161,0.03,393,2388,100.0,38.97,23.2468
97,10,-0.0023,-0.0002,100.0,518.67,641.93,1598.1,1403.44,14.62,21.61,553.97,2388.01,9048.87,1.3,47.35,522.16,2388.04,8125.38,8.4523,0.03,392,2388,100.0,38.94,23.3577
97,11,0.0005,0.0005,100.0,518.67,641.95,1584.54,1405.54,14.62,21.61,553.65,2388.1,9047.44,1.3,47.38,521.95,2388.04,8128.82,8.3942,0.03,391,2388,100.0,38.99,23.4374
97,12,-0.0011,0.0005,100.0,518.67,641.5,1580.53,1401.88,14.62,21.61,553.84,2388.07,9040.75,1.3,47.14,521.87,2387.99,8129.84,8.4069,0.03,392,2388,100.0,38.89,23.4323
97,13,0.0009,0.0002,100.0,518.67,642.7,1586.64,1403.52,14.62,21.61,554.05,2388.08,9045.79,1.3,47.22,522.11,2388.11,8127.41,8.4081,0.03,392,2388,100.0,39.04,23.3943
97,14,-0.0039,-0.0004,100.0,518.67,642.07,1588.87,1398.31,14.62,21.61,553.41,2388.03,9040.54,1.3,47.48,521.63,2388.06,8129.64,8.4053,0.03,392,2388,100.0,39.02,23.3606
97,15,-0.0012,-0.0003,100.0,518.67,642.34,1588.75,1397.36,14.62,21.61,554.5,2388.0,9042.57,1.3,47.27,522.08,2388.11,8135.82,8.407,0.03,392,2388,100.0,38.93,23.3041
97,16,0.0021,0.0,100.0,518.67,642.67,1589.57,1404.74,14.62,21.61,553.76,2388.11,9044.35,1.3,47.28,522.21,2388.04,8133.47,8.3861,0.03,394,2388,100.0,39.13,23.2773
97,17,0.003,0.0004,100.0,518.67,642.0,1588.51,1403.5,14.62,21.61,554.61,2388.03,9051.77,1.3,47.27,522.19,2388.09,8137.81,8.4161,0.03,393,2388,100.0,38.77,23.3928
97,18,0.0012,0.0004,100.0,518.67,641.96,1586.29,1402.01,14.62,21.61,554.29,2388.03,9042.52,1.3,47.47,521.85,2387.99,8126.33,8.4214,0.03,391,2388,100.0,38.95,23.3779
97,19,0.0023,-0.0003,100.0,518.67,642.51,1583.71,1402.82,14.62,21.61,554.33,2388.01,9049.23,1.3,47.24,521.94,2387.99,8128.35,8.418,0.03,393,2388,100.0,39.16,23.4388
97,20,-0.0041,-0.0003,100.0,518.67,642.15,1586.86,1397.18,14.62,21.61,554.42,2388.02,9048.79,1.3,47.23,521.31,2388.03,8137.16,8.4143,0.03,391,2388,100.0,39.22,23.3733
97,21,0.0022,-0.0004,100.0,518.67,642.23,1591.1,1399.15,14.62,21.61,553.79,2388.03,9044.82,1.3,47.32,521.73,2388.04,8126.9,8.438,0.03,392,2388,100.0,38.93,23.4223
97,22,-0.0021,0.0002,100.0,518.67,642.24,1584.77,1395.62,14.62,21.61,553.72,2388.04,9054.45,1.3,47.25,521.58,2388.08,8127.75,8.412,0.03,393,2388,100.0,38.85,23.4
97,23,0.0005,-0.0004,100.0,518.67,642.21,1585.04,1403.2,14.62,21.61,553.99,2388.07,9047.1,1.3,47.13,521.87,2388.09,8122.81,8.4514,0.03,392,2388,100.0,39.12,23.3667
97,24,0.0002,-0.0002,100.0,518.67,642.81,1583.14,1399.74,14.62,21.61,554.44,2388.08,9045.83,1.3,47.32,522.15,2388.03,8130.05,8.4141,0.03,391,2388,100.0,38.95,23.424
97,25,0.002,-0.0003,100.0,518.67,642.03,1580.93,1402.24,14.62,21.61,554.3,2388.05,9044.3,1.3,47.25,522.48,2388.11,8124.86,8.4084,0.03,392,2388,100.0,38.79,23.3311
97,26,-0.0011,-0.0003,100.0,518.67,642.49,1584.89,1404.0,14.62,21.61,554.02,2388.04,9038.27,1.3,47.2,521.87,2388.05,8133.82,8.4194,0.03,392,2388,100.0,38.96,23.3251
97,27,-0.002,0.0004,100.0,518.67,642.15,1580.98,1399.17,14.62,21.61,554.33,2388.03,9049.64,1.3,47.22,522.31,2388.0,8130.49,8.3952,0.03,393,2388,100.0,38.98,23.5181
97,28,0.0026,0.0003,100.0,518.67,641.94,1583.61,1406.67,14.62,21.61,554.32,2388.02,9041.86,1.3,47.25,522.17,2388.02,8128.05,8.3974,0.03,392,2388,100.0,38.96,23.3177
97,29,0.0015,0.0001,100.0,518.67,642.19,1589.25,1397.31,14.62,21.61,555.2,2388.09,9042.58,1.3,47.42,522.29,2388.09,8130.18,8.4158,0.03,392,2388,100.0,39.18,23.4996
97,30,-0.0015,-0.0,100.0,518.67,642.38,1584.91,1407.18,14.62,21.61,555.03,2388.01,9050.18,1.3,47.29,521.99,2388.04,8127.14,8.3824,0.03,392,2388,100.0,39.0,23.4894
97,31,-0.0035,-0.0001,100.0,518.67,642.41,1587.34,1405.34,14.62,21.61,554.09,2388.11,9049.52,1.3,47.09,522.08,2388.09,8123.35,8.4016,0.03,391,2388,100.0,38.77,23.315
97,32,0.0015,0.0005,100.0,518.67,642.25,1593.23,1406.82,14.62,21.61,554.28,2388.04,9050.09,1.3,47.35,521.56,2388.07,8130.84,8.4012,0.03,392,2388,100.0,38.94,23.4219
97,33,-0.0005,0.0005,100.0,518.67,642.01,1585.29,1397.19,14.62,21.61,554.53,2388.07,9044.49,1.3,47.35,521.75,2388.13,8132.36,8.4226,0.03,392,2388,100.0,38.88,23.3013
97,34,-0.0036,0.0002,100.0,518.67,642.0,1584.95,1400.29,14.62,21.61,553.79,2388.03,9048.93,1.3,47.22,521.83,2388.06,8129.39,8.3981,0.03,391,2388,100.0,39.09,23.4554
97,35,0.0007,0.0004,100.0,518.67,642.42,1582.36,1405.29,14.62,21.61,554.54,2387.99,9043.95,1.3,47.47,521.58,2388.03,8129.52,8.4067,0.03,393,2388,100.0,38.99,23.32
97,36,0.002,-0.0,100.0,518.67,642.29,1588.49,1408.13,14.62,21.61,554.22,2388.01,9052.21,1.3,47.34,522.07,2388.08,8135.13,8.4167,0.03,391,2388,100.0,39.05,23.378
97,37,-0.0007,0.0003,100.0,518.67,641.94,1588.34,1404.86,14.62,21.61,554.47,2388.02,9057.06,1.3,47.29,521.82,2388.06,8135.17,8.4392,0.03,392,2388,100.0,38.8,23.3781
97,38,-0.0,-0.0004,100.0,518.67,642.82,1585.17,1408.19,14.62,21.61,554.34,2388.07,9053.34,1.3,47.42,521.44,2388.03,8127.9,8.3936,0.03,390,2388,100.0,38.9,23.3656
97,39,-0.0048,-0.0001,100.0,518.67,641.8,1582.74,1399.69,14.62,21.61,554.38,2388.07,9045.76,1.3,47.34,522.43,2388.07,8129.21,8.4017,0.03,392,2388,100.0,38.98,23.4573
97,40,0.0007,0.0005,100.0,518.67,642.75,1584.8,1396.84,14.62,21.61,554.32,2388.09,9048.98,1.3,47.32,521.91,2388.11,8130.32,8.4295,0.03,393,2388,100.0,38.95,23.3379
97,41,-0.0028,-0.0002,100.0,518.67,642.61,1590.25,1406.45,14.62,21.61,553.76,2388.07,9051.37,1.3,47.14,522.01,2388.03,8134.97,8.3899,0.03,392,2388,100.0,39.0,23.4015
97,42,0.0017,-0.0002,100.0,518.67,642.09,1593.45,1404.81,14.62,21.61,554.17,2388.08,9047.65,1.3,47.32,522.13,2388.09,8130.09,8.3834,0.03,394,2388,100.0,39.05,23.2371
97,43,-0.001,0.0,100.0,518.67,642.9,1587.97,1403.69,14.62,21.6,553.98,2388.07,9054.43,1.3,47.34,522.02,2388.11,8125.06,8.3997,0.03,391,2388,100.0,39.1,23.3835
97,44,-0.0016,-0.0004,100.0,518.67,642.45,1579.14,1409.76,14.62,21.61,554.05,2388.06,9056.49,1.3,47.34,522.04,2388.04,8131.43,8.4136,0.03,391,2388,100.0,38.94,23.4058
97,45,-0.0025,-0.0002,100.0,518.67,642.21,1585.89,1399.21,14.62,21.61,553.6,2388.05,9045.62,1.3,47.27,522.52,2388.09,8124.8,8.4303,0.03,391,2388,100.0,39.0,23.3748
97,46,-0.0054,-0.0003,100.0,518.67,642.15,1583.8,1398.53,14.62,21.61,554.39,2388.06,9052.19,1.3,47.38,521.89,2388.11,8132.04,8.4111,0.03,391,2388,100.0,39.06,23.3967
97,47,-0.0032,0.0002,100.0,518.67,642.07,1591.58,1399.73,14.62,21.61,554.14,2388.04,9046.83,1.3,47.18,522.14,2388.01,8138.88,8.404,0.03,391,2388,100.0,38.9,23.4626
97,48,-0.0005,0.0004,100.0,518.67,642.23,1581.88,1397.82,14.62,21.61,553.84,2388.04,9051.03,1.3,47.49,521.92,2388.04,8132.54,8.4291,0.03,391,2388,100.0,39.08,23.4227
97,49,0.0007,-0.0001,100.0,518.67,642.29,1581.82,1403.62,14.62,21.61,553.84,2388.05,9041.73,1.3,47.19,522.0,2388.09,8130.98,8.4077,0.03,391,2388,100.0,38.92,23.486
97,50,0.0009,-0.0003,100.0,518.67,642.51,1588.78,1400.66,14.62,21.61,553.34,2388.08,9046.53,1.3,47.18,522.48,2388.09,8134.94,8.4472,0.03,391,2388,100.0,39.03,23.3477
97,51,-0.0033,0.0001,100.0,518.67,642.53,1585.08,1399.72,14.62,21.61,554.24,2388.09,9044.05,1.3,47.34,522.23,2388.04,8132.62,8.4341,0.03,392,2388,100.0,39.05,23.3803
97,52,-0.0001,0.0002,100.0,518.67,641.9,1587.38,1403.16,14.62,21.61,554.44,2388.03,9049.29,1.3,47.29,522.29,2388.03,8136.87,8.3891,0.03,392,2388,100.0,39.06,23.3708
97,53,0.0008,-0.0002,100.0,518.67,642.28,1583.19,1394.92,14.62,21.61,553.99,2388.01,9049.33,1.3,47.46,521.72,2388.06,8135.19,8.3721,0.03,393,2388,100.0,38.81,23.3661
97,54,0.0002,-0.0,100.0,518.67,642.42,1589.91,1399.54,14.62,21.61,553.61,2388.02,9044.85,1.3,47.3,521.69,2388.05,8125.94,8.4142,0.03,392,2388,100.0,38.99,23.4068
97,55,-0.0018,-0.0001,100.0,518.67,642.36,1583.0,1397.37,14.62,21.61,553.81,2388.01,9046.5,1.3,47.58,522.29,2388.04,8130.81,8.3872,0.03,393,2388,100.0,38.94,23.3061
97,56,0.0,0.0002,100.0,518.67,643.09,1582.79,1399.37,14.62,21.61,553.47,2388.07,9045.44,1.3,47.41,521.78,2388.09,8132.97,8.4313,0.03,392,2388,100.0,38.93,23.347
97,57,-0.0009,0.0001,100.0,518.67,642.39,1587.59,1400.69,14.62,21.61,554.19,2388.04,9054.99,1.3,47.06,521.91,2388.05,8134.27,8.4364,0.03,393,2388,100.0,39.17,23.371
97,58,-0.0005,0.0004,100.0,518.67,642.33,1587.49,1388.06,14.62,21.61,554.88,2387.99,9049.11,1.3,47.18,522.09,2388.1,8125.76,8.4268,0.03,392,2388,100.0,38.97,23.411
97,59,-0.0028,0.0004,100.0,518.67,642.41,1590.0,1399.24,14.62,21.61,554.29,2388.1,9048.84,1.3,47.44,521.97,2388.08,8128.3,8.4099,0.03,391,2388,100.0,38.91,23.3623
97,60,0.003,0.0005,100.0,518.67,642.02,1584.5,1395.96,14.62,21.61,554.46,2388.02,9048.43,1.3,47.42,522.28,2388.09,8131.11,8.416,0.03,392,2388,100.0,39.0,23.3572
97,61,0.001,0.0003,100.0,518.67,642.29,1584.35,1399.47,14.62,21.61,553.98,2388.07,9056.87,1.3,47.36,522.22,2388.04,8134.13,8.3933,0.03,391,2388,100.0,39.04,23.3751
97,62,-0.0003,0.0,100.0,518.67,642.36,1580.77,1405.27,14.62,21.61,554.48,2388.06,9050.25,1.3,47.48,522.28,2388.04,8132.78,8.4185,0.03,393,2388,100.0,38.91,23.389
97,63,0.0022,-0.0002,100.0,518.67,642.13,1582.1,1403.19,14.62,21.61,554.48,2388.01,9050.28,1.3,47.32,521.77,2388.06,8138.39,8.3869,0.03,391,2388,100.0,38.88,23.4148
97,64,0.0023,0.0005,100.0,518.67,642.79,1589.27,1407.02,14.62,21.61,553.76,2388.03,9055.89,1.3,47.55,521.74,2388.08,8130.93,8.3974,0.03,393,2388,100.0,39.14,23.4789
97,65,0.001,0.0003,100.0,518.67,642.33,1589.93,1401.49,14.62,21.61,553.76,2388.06,9052.97,1.3,47.25,522.25,2388.06,8130.7,8.3973,0.03,391,2388,100.0,39.11,23.3553
97,66,0.0006,-0.0002,100.0,518.67,642.36,1586.09,1398.94,14.62,21.61,554.81,2387.98,9055.43,1.3,47.28,521.94,2388.05,8134.6,8.3912,0.03,391,2388,100.0,38.96,23.3096
97,67,-0.0012,0.0002,100.0,518.67,641.84,1587.48,1399.75,14.62,21.61,554.09,2388.07,9045.36,1.3,47.3,522.27,2388.06,8135.61,8.4088,0.03,392,2388,100.0,39.02,23.3317
97,68,-0.0001,-0.0003,100.0,518.67,642.8,1586.3,1410.08,14.62,21.61,554.53,2388.02,9051.89,1.3,47.26,521.63,2388.09,8132.53,8.4296,0.03,392,2388,100.0,38.88,23.322
97,69,0.0001,-0.0001,100.0,518.67,642.08,1588.54,1403.75,14.62,21.61,553.73,2388.09,9046.68,1.3,47.37,521.56,2388.08,8133.05,8.4384,0.03,392,2388,100.0,38.92,23.4121
97,70,0.0043,0.0004,100.0,518.67,642.82,1592.36,1405.12,14.62,21.61,554.22,2388.02,9047.99,1.3,47.31,521.51,2388.1,8133.67,8.3962,0.03,393,2388,100.0,38.65,23.3209
97,71,0.0007,0.0002,100.0,518.67,642.54,1581.77,1399.57,14.62,21.61,553.52,2388.1,9051.84,1.3,47.18,522.05,2388.06,8138.31,8.4194,0.03,391,2388,100.0,39.13,23.3154
97,72,-0.0041,0.0003,100.0,518.67,642.54,1583.8,1398.84,14.62,21.61,553.82,2388.07,9046.93,1.3,47.31,522.15,2388.06,8134.35,8.4215,0.03,392,2388,100.0,38.92,23.3605
97,73,0.0011,-0.0001,100.0,518.67,642.63,1589.65,1396.99,14.62,21.61,553.8,2388.06,9057.04,1.3,47.16,521.75,2388.05,8135.52,8.4474,0.03,391,2388,100.0,39.01,23.2935
97,74,0.0015,0.0001,100.0,518.67,642.72,1585.51,1405.09,14.62,21.61,553.49,2388.05,9047.51,1.3,47.25,521.79,2388.05,8133.17,8.4083,0.03,393,2388,100.0,39.0,23.4709
97,75,-0.0,0.0003,100.0,518.67,641.75,1583.07,1394.1,14.62,21.61,554.18,2388.02,9053.6,1.3,47.36,521.71,2388.05,8136.41,8.4248,0.03,392,2388,100.0,39.04,23.4469
97,76,-0.0015,0.0003,100.0,518.67,642.55,1594.18,1397.69,14.62,21.61,553.79,2388.07,9051.56,1.3,47.3,521.64,2388.05,8135.86,8.3807,0.03,391,2388,100.0,38.88,23.3753
97,77,0.0014,0.0003,100.0,518.67,641.99,1589.68,1397.96,14.62,21.61,553.72,2388.08,9055.44,1.3,47.33,521.85,2388.05,8136.2,8.3881,0.03,391,2388,100.0,39.13,23.4601
97,78,0.002,0.0002,100.0,518.67,642.71,1586.59,1395.52,14.62,21.61,553.78,2388.12,9049.21,1.3,47.39,521.78,2388.04,8140.49,8.4215,0.03,391,2388,100.0,38.99,23.3327
97,79,-0.0006,0.0004,100.0,518.67,642.69,1585.42,1403.55,14.62,21.61,554.21,2388.11,9050.39,1.3,47.41,521.61,2388.07,8130.53,8.3962,0.03,391,2388,100.0,38.93,23.3538
97,80,0.0013,0.0005,100.0,518.67,642.14,1593.81,1403.63,14.62,21.61,553.95,2388.11,9057.98,1.3,47.35,522.42,2388.08,8133.7,8.4392,0.03,393,2388,100.0,39.0,23.4231
97,81,-0.0022,0.0001,100.0,518.67,642.03,1582.72,1406.88,14.62,21.61,554.47,2388.1,9051.08,1.3,47.34,521.7,2388.09,8137.23,8.4118,0.03,394,2388,100.0,39.0,23.358
97,82,-0.0,-0.0003,100.0,518.67,642.17,1587.36,1405.01,14.62,21.61,553.62,2388.04,9051.34,1.3,47.31,521.9,2388.04,8136.02,8.3993,0.03,392,2388,100.0,38.86,23.3195
97,83,0.0004,0.0005,100.0,518.67,641.8,1586.4,1401.99,14.62,21.61,554.63,2388.07,9049.75,1.3,47.34,521.68,2388.02,8139.25,8.3983,0.03,392,2388,100.0,38.88,23.4053
97,84,-0.003,-0.0,100.0,518.67,642.32,1588.41,1398.78,14.62,21.61,553.48,2387.98,9047.51,1.3,47.46,521.83,2388.1,8132.8,8.4156,0.03,392,2388,100.0,39.0,23.3418
97,85,-0.0016,0.0002,100.0,518.67,641.72,1585.21,1404.34,14.62,21.61,554.28,2388.08,9054.65,1.3,47.47,522.26,2388.03,8136.62,8.4191,0.03,392,2388,100.0,38.95,23.3684
97,86,0.0034,0.0004,100.0,518.67,642.88,1588.18,1409.81,14.62,21.61,553.52,2388.11,9063.68,1.3,47.35,521.69,2388.03,8136.09,8.4322,0.03,392,2388,100.0,38.78,23.4272
97,87,0.0011,0.0002,100.0,518.67,642.0,1583.72,1404.24,14.62,21.61,553.92,2388.03,9049.81,1.3,47.18,522.21,2388.0,8137.73,8.3785,0.03,391,2388,100.0,38.95,23.4476
97,88,0.0006,-0.0004,100.0,518.67,642.12,1594.19,1400.61,14.62,21.61,554.01,2388.1,9054.78,1.3,47.3,522.84,2388.05,8132.2,8.4289,0.03,390,2388,100.0,38.95,23.3203
97,89,0.0034,-0.0001,100.0,518.67,642.61,1587.81,1402.91,14.62,21.6,553.28,2388.06,9047.27,1.3,47.1,522.24,2387.98,8133.95,8.4098,0.03,393,2388,100.0,38.99,23.4547
97,90,-0.0019,0.0,100.0,518.67,642.13,1584.2,1404.87,14.62,21.61,554.34,2388.09,9054.53,1.3,47.3,521.8,2388.07,8136.47,8.4064,0.03,393,2388,100.0,38.84,23.3341
97,91,0.0011,0.0005,100.0,518.67,642.28,1585.09,1408.85,14.62,21.61,554.3,2388.04,9044.66,1.3,47.48,522.06,2388.08,8131.78,8.4211,0.03,393,2388,100.0,38.85,23.3086
97,92,0.002,-0.0001,100.0,518.67,642.38,1585.62,1394.79,14.62,21.61,554.16,2388.04,9057.93,1.3,47.16,522.25,2388.06,8138.23,8.4269,0.03,393,2388,100.0,38.91,23.2869
97,93,0.0006,-0.0004,100.0,518.67,642.22,1591.29,1402.35,14.62,21.61,554.48,2388.03,9057.8,1.3,47.47,521.7,2388.03,8134.03,8.3951,0.03,392,2388,100.0,39.01,23.4255
97,94,0.0004,0.0005,100.0,518.67,641.7,1586.5,1403.53,14.62,21.61,554.04,2388.06,9055.3,1.3,47.69,522.02,2388.06,8136.27,8.4126,0.03,393,2388,100.0,38.86,23.3617
97,95,-0.0013,0.0004,100.0,518.67,642.7,1581.04,1399.25,14.62,21.61,554.54,2388.09,9046.3,1.3,47.45,521.1,2388.01,8134.96,8.3851,0.03,392,2388,100.0,39.06,23.3327
97,96,-0.0009,0.0003,100.0,518.67,642.54,1585.88,1403.22,14.62,21.61,553.66,2388.04,9054.08,1.3,47.32,521.93,2388.04,8134.95,8.4238,0.03,393,2388,100.0,38.88,23.3649
97,97,0.0038,0.0003,100.0,518.67,642.24,1586.75,1402.21,14.62,21.61,553.7,2388.08,9055.0,1.3,47.27,522.12,2388.07,8134.76,8.4386,0.03,392,2388,100.0,39.02,23.2875
97,98,0.0021,-0.0003,100.0,518.67,642.24,1586.13,1405.32,14.62,21.61,553.83,2388.06,9052.47,1.3,47.44,521.7,2388.04,8138.88,8.4352,0.03,391,2388,100.0,38.81,23.3165
97,99,-0.0013,0.0004,100.0,518.67,642.04,1574.3,1401.13,14.62,21.61,554.32,2388.0,9058.68,1.3,47.32,521.94,2388.08,8140.64,8.3914,0.03,393,2388,100.0,39.12,23.4611
97,100,0.0011,0.0003,100.0,518.67,642.19,1590.0,1405.37,14.62,21.61,553.79,2388.11,9058.91,1.3,47.15,522.11,2388.05,8137.96,8.4063,0.03,393,2388,100.0,38.97,23.3153
97,101,-0.0004,0.0002,100.0,518.67,642.71,1585.48,1401.39,14.62,21.61,554.69,2388.04,9058.32,1.3,47.43,521.99,2388.06,8135.31,8.4303,0.03,393,2388,100.0,38.96,23.3541
97,102,0.0028,0.0003,100.0,518.67,642.02,1586.86,1406.44,14.62,21.61,553.57,2388.08,9054.96,1.3,47.43,521.92,2388.0,8136.56,8.4017,0.03,392,2388,100.0,38.76,23.3354
97,103,0.0007,-0.0002,100.0,518.67,641.93,1591.69,1404.09,14.62,21.61,553.74,2388.1,9048.79,1.3,47.39,521.88,2388.08,8138.92,8.3981,0.03,393,2388,100.0,38.85,23.3627
97,104,0.0034,0.0,100.0,518.67,642.7,1581.9,1403.14,14.62,21.61,554.26,2388.1,9059.95,1.3,47.46,522.16,2388.06,8141.2,8.4292,0.03,393,2388,100.0,38.92,23.3675
97,105,0.0015,-0.0002,100.0,518.67,642.44,1591.96,1406.25,14.62,21.61,553.8,2388.07,9058.14,1.3,47.38,522.32,2388.11,8138.74,8.4197,0.03,392,2388,100.0,38.91,23.376
97,106,-0.0012,-0.0004,100.0,518.67,641.91,1586.61,1397.57,14.62,21.61,554.03,2388.06,9056.6,1.3,47.51,521.44,2388.04,8143.01,8.4164,0.03,393,2388,100.0,38.96,23.39
97,107,0.0021,0.0003,100.0,518.67,642.39,1587.12,1405.15,14.62,21.61,554.02,2388.02,9063.82,1.3,47.19,521.84,2388.03,8143.98,8.4061,0.03,393,2388,100.0,38.95,23.4635
97,108,-0.0006,-0.0002,100.0,518.67,642.28,1589.41,1410.42,14.62,21.61,553.71,2388.08,9052.67,1.3,47.54,522.62,2388.08,8139.08,8.4366,0.03,393,2388,100.0,38.76,23.2805
97,109,0.0012,-0.0003,100.0,518.67,642.21,1584.99,1401.27,14.62,21.61,553.68,2388.03,9058.68,1.3,47.42,522.2,2388.0,8144.9,8.403,0.03,391,2388,100.0,39.02,23.324
97,110,-0.0001,0.0001,100.0,518.67,642.61,1590.5,1404.53,14.62,21.61,554.15,2388.04,9066.21,1.3,47.43,522.33,2388.05,8142.39,8.4179,0.03,391,2388,100.0,38.97,23.3539
97,111,-0.0,0.0002,100.0,518.67,641.84,1597.77,1406.92,14.62,21.61,553.26,2388.06,9066.27,1.3,47.24,521.57,2388.0,8142.74,8.3646,0.03,390,2388,100.0,38.96,23.3389
97,112,0.001,-0.0004,100.0,518.67,642.35,1583.96,1400.14,14.62,21.61,554.05,2388.06,9057.3,1.3,47.31,521.45,2388.05,8138.89,8.4129,0.03,391,2388,100.0,38.92,23.3114
97,113,-0.0006,0.0004,100.0,518.67,642.54,1588.47,1406.98,14.62,21.61,553.62,2388.08,9061.4,1.3,47.44,521.99,2388.01,8142.16,8.4423,0.03,393,2388,100.0,38.9,23.4075
97,114,0.0018,0.0005,100.0,518.67,642.44,1585.02,1404.26,14.62,21.61,553.54,2388.03,9066.51,1.3,47.45,522.03,2388.09,8142.02,8.4047,0.03,393,2388,100.0,38.86,23.4109
97,115,-0.0025,-0.0001,100.0,518.67,642.87,1583.48,1399.96,14.62,21.61,554.22,2388.07,9060.21,1.3,47.15,522.5,2388.11,8147.7,8.3855,0.03,392,2388,100.0,38.84,23.3053
97,116,-0.0003,0.0,100.0,518.67,642.73,1592.5,1410.1,14.62,21.61,554.34,2388.05,9060.1,1.3,47.28,522.05,2387.96,8142.81,8.408,0.03,393,2388,100.0,38.83,23.3556
97,117,-0.0025,-0.0003,100.0,518.67,642.38,1586.87,1403.23,14.62,21.61,553.96,2388.06,9058.06,1.3,47.4,521.93,2388.06,8148.14,8.4019,0.03,392,2388,100.0,39.01,23.2551
97,118,0.0018,-0.0001,100.0,518.67,642.25,1596.87,1406.9,14.62,21.61,553.8,2388.08,9070.41,1.3,47.28,521.46,2388.02,8149.23,8.4305,0.03,392,2388,100.0,38.63,23.3734
97,119,0.001,0.0001,100.0,518.67,642.34,1582.77,1408.95,14.62,21.61,554.58,2388.03,9059.98,1.3,47.52,521.82,2388.07,8145.24,8.4444,0.03,392,2388,100.0,38.95,23.3934
97,120,0.0011,-0.0003,100.0,518.67,642.37,1588.57,1399.66,14.62,21.61,553.4,2388.03,9072.8,1.3,47.37,521.69,2388.1,8143.04,8.4255,0.03,392,2388,100.0,39.01,23.3424
97,121,0.0039,-0.0002,100.0,518.67,642.41,1585.87,1402.02,14.62,21.61,554.26,2388.09,9068.59,1.3,47.29,521.79,2388.05,8142.66,8.4234,0.03,392,2388,100.0,38.96,23.3153
97,122,0.001,0.0001,100.0,518.67,642.32,1584.35,1411.14,14.62,21.61,554.26,2388.01,9067.16,1.3,47.41,522.02,2388.0,8145.48,8.4052,0.03,393,2388,100.0,38.81,23.3141
97,123,-0.0018,-0.0002,100.0,518.67,642.31,1589.61,1404.06,14.62,21.61,552.88,2388.1,9064.39,1.3,47.42,522.1,2388.06,8148.59,8.4322,0.03,394,2388,100.0,38.89,23.3834
97,124,0.0027,0.0001,100.0,518.67,642.13,1591.88,1408.59,14.62,21.61,554.54,2388.0,9066.57,1.3,47.19,521.74,2388.04,8144.46,8.3948,0.03,392,2388,100.0,38.81,23.3129
97,125,0.003,-0.0003,100.0,518.67,641.97,1593.24,1399.56,14.62,21.61,553.57,2388.02,9059.38,1.3,47.34,521.6,2388.04,8148.09,8.4256,0.03,392,2388,100.0,38.74,23.337
97,126,-0.0041,-0.0003,100.0,518.67,642.23,1583.87,1408.98,14.62,21.61,553.55,2388.03,9067.91,1.3,47.49,521.4,2388.04,8143.7,8.3766,0.03,393,2388,100.0,38.91,23.3942
97,127,0.0016,-0.0001,100.0,518.67,642.34,1587.38,1407.0,14.62,21.61,554.09,2387.99,9067.13,1.3,47.45,521.28,2388.07,8143.81,8.4363,0.03,393,2388,100.0,38.98,23.3601
97,128,-0.0008,-0.0002,100.0,518.67,642.77,1592.39,1407.05,14.62,21.61,553.64,2388.07,9066.12,1.3,47.5,521.06,2388.04,8149.03,8.3941,0.03,394,2388,100.0,39.1,23.3364
97,129,-0.0019,0.0003,100.0,518.67,642.43,1589.98,1396.83,14.62,21.61,553.6,2388.05,9068.05,1.3,47.38,521.89,2388.07,8144.86,8.4128,0.03,393,2388,100.0,39.1,23.3002
97,130,-0.0041,-0.0002,100.0,518.67,642.53,1591.38,1409.07,14.62,21.61,554.1,2388.09,9074.11,1.3,47.46,521.82,2388.09,8148.43,8.4327,0.03,393,2388,100.0,38.83,23.3932
97,131,-0.0002,-0.0001,100.0,518.67,642.49,1586.56,1399.82,14.62,21.61,554.35,2388.07,9067.4,1.3,47.37,521.75,2388.06,8149.79,8.4171,0.03,391,2388,100.0,38.83,23.3915
97,132,-0.0001,0.0005,100.0,518.67,642.2,1590.2,1399.28,14.62,21.61,553.45,2387.99,9066.27,1.3,47.4,521.7,2388.03,8154.16,8.4312,0.03,393,2388,100.0,38.96,23.2969
97,133,-0.0053,0.0,100.0,518.67,642.64,1592.58,1406.97,14.62,21.61,554.43,2388.04,9075.21,1.3,47.4,521.86,2388.06,8153.51,8.4148,0.03,394,2388,100.0,38.96,23.3992
97,134,0.0011,0.0001,100.0,518.67,642.3,1590.57,1398.86,14.62,21.61,554.65,2388.04,9070.82,1.3,47.28,521.84,2388.07,8144.17,8.4483,0.03,391,2388,100.0,39.0,23.2589
97,135,0.0005,0.0003,100.0,518.67,642.39,1591.8,1410.76,14.62,21.61,554.08,2388.02,9071.98,1.3,47.5,521.31,2388.04,8151.02,8.4,0.03,392,2388,100.0,38.79,23.3075
97,136,0.005,-0.0003,100.0,518.67,642.5,1593.8,1403.15,14.62,21.61,553.99,2387.97,9075.38,1.3,47.43,521.68,2388.04,8151.4,8.4257,0.03,393,2388,100.0,38.87,23.2712
97,137,-0.0001,-0.0003,100.0,518.67,642.7,1595.48,1402.07,14.62,21.61,553.83,2388.04,9069.96,1.3,47.31,521.22,2388.05,8152.08,8.4091,0.03,393,2388,100.0,38.82,23.3199
97,138,0.0008,-0.0003,100.0,518.67,642.67,1597.5,1395.95,14.62,21.61,553.73,2388.06,9077.23,1.3,47.57,521.43,2388.0,8150.96,8.4277,0.03,392,2388,100.0,39.05,23.3614
97,139,0.0027,0.0005,100.0,518.67,642.61,1581.16,1409.94,14.62,21.61,553.5,2388.05,9070.39,1.3,47.36,521.89,2388.06,8155.76,8.4242,0.03,393,2388,100.0,38.89,23.3694
97,140,-0.0047,0.0001,100.0,518.67,643.06,1588.75,1406.59,14.62,21.61,554.05,2388.02,9082.18,1.3,47.41,521.67,2388.09,8158.4,8.4464,0.03,391,2388,100.0,38.97,23.3372
97,141,0.0001,0.0003,100.0,518.67,642.76,1589.77,1407.95,14.62,21.61,553.2,2387.99,9077.6,1.3,47.42,522.2,2388.11,8149.82,8.4371,0.03,393,2388,100.0,39.21,23.3666
97,142,-0.0012,-0.0001,100.0,518.67,642.58,1583.62,1401.27,14.62,21.61,553.85,2388.01,9083.57,1.3,47.37,522.08,2388.04,8155.2,8.4184,0.03,393,2388,100.0,39.15,23.2565
97,143,-0.0002,-0.0004,100.0,518.67,642.45,1588.4,1404.27,14.62,21.61,553.92,2388.05,9076.34,1.3,47.67,521.81,2388.05,8152.43,8.4423,0.03,393,2388,100.0,39.0,23.2505
97,144,-0.0024,0.0002,100.0,518.67,642.21,1579.62,1406.0,14.62,21.61,553.59,2388.06,9088.08,1.3,47.53,521.91,2388.07,8161.36,8.4363,0.03,393,2388,100.0,38.85,23.3785
97,145,0.0024,0.0006,100.0,518.67,642.56,1589.04,1403.34,14.62,21.61,553.33,2388.06,9081.5,1.3,47.49,521.11,2388.09,8157.72,8.4467,0.03,393,2388,100.0,38.78,23.3485
97,146,0.0029,0.0005,100.0,518.67,643.16,1589.14,1412.2,14.62,21.61,553.63,2388.05,9087.56,1.3,47.46,521.79,2388.04,8161.99,8.4143,0.03,394,2388,100.0,38.97,23.3617
97,147,-0.0019,-0.0004,100.0,518.67,643.25,1601.61,1408.87,14.62,21.61,554.25,2388.01,9079.34,1.3,47.33,521.71,2388.0,8158.2,8.4192,0.03,393,2388,100.0,38.8,23.3153
97,148,0.0001,-0.0002,100.0,518.67,642.97,1590.12,1402.66,14.62,21.61,552.33,2388.07,9087.41,1.3,47.36,521.47,2388.09,8160.21,8.4347,0.03,394,2388,100.0,38.82,23.3077
97,149,-0.0017,0.0003,100.0,518.67,643.11,1594.9,1407.39,14.62,21.61,553.84,2388.01,9084.06,1.3,47.34,521.39,2388.04,8160.59,8.4413,0.03,394,2388,100.0,38.92,23.3856
97,150,0.0008,-0.0003,100.0,518.67,642.4,1589.15,1405.32,14.62,21.61,553.52,2388.08,9082.85,1.3,47.4,521.54,2388.04,8163.27,8.4189,0.03,393,2388,100.0,38.73,23.3138
97,151,0.0006,-0.0004,100.0,518.67,642.28,1590.25,1402.93,14.62,21.61,554.11,2388.09,9091.25,1.3,47.5,521.58,2388.02,8168.51,8.4507,0.03,394,2388,100.0,38.78,23.3427
97,152,0.0019,-0.0001,100.0,518.67,642.88,1586.87,1405.1,14.62,21.61,553.87,2388.01,9082.11,1.3,47.45,521.7,2388.01,8162.31,8.451,0.03,393,2388,100.0,38.69,23.3105
97,153,0.002,0.0003,100.0,518.67,642.29,1598.69,1405.53,14.62,21.61,553.69,2388.08,9091.33,1.3,47.42,522.41,2388.01,8170.11,8.4163,0.03,393,2388,100.0,38.69,23.3315
97,154,-0.0035,0.0004,100.0,518.67,642.22,1594.3,1407.36,14.62,21.61,552.53,2388.04,9095.88,1.3,47.62,521.89,2388.05,8161.56,8.4363,0.03,393,2388,100.0,38.73,23.2671
97,155,-0.001,0.0004,100.0,518.67,642.21,1591.51,1404.23,14.62,21.61,553.46,2388.02,9091.9,1.3,47.4,521.45,2388.07,8167.97,8.4647,0.03,393,2388,100.0,38.79,23.2749
97,156,0.0015,0.0003,100.0,518.67,642.73,1582.09,1411.85,14.62,21.61,553.52,2388.07,9089.94,1.3,47.38,522.33,2388.07,8167.48,8.4717,0.03,392,2388,100.0,38.85,23.3267
97,157,-0.0036,0.0005,100.0,518.67,642.26,1587.91,1407.48,14.62,21.61,553.6,2388.09,9097.29,1.3,47.56,521.42,2388.1,8168.7,8.4454,0.03,392,2388,100.0,38.85,23.2509
97,158,0.0002,0.0001,100.0,518.67,642.31,1589.18,1407.83,14.62,21.61,552.95,2388.05,9095.63,1.3,47.57,520.9,2388.07,8164.48,8.4529,0.03,393,2388,100.0,38.95,23.186
97,159,-0.0016,-0.0,100.0,518.67,642.91,1587.64,1412.29,14.62,21.61,553.55,2387.99,9095.4,1.3,47.33,521.8,2388.06,8178.21,8.4701,0.03,393,2388,100.0,38.7,23.3503
97,160,-0.0016,0.0003,100.0,518.67,643.05,1599.21,1404.12,14.62,21.61,552.98,2388.01,9099.41,1.3,47.6,521.33,2388.09,8181.41,8.5181,0.03,393,2388,100.0,38.76,23.2069
97,161,0.0042,0.0004,100.0,518.67,643.2,1592.12,1410.13,14.62,21.61,552.87,2388.05,9099.49,1.3,47.57,521.72,2388.03,8175.65,8.4452,0.03,392,2388,100.0,38.97,23.3667
97,162,0.0015,0.0002,100.0,518.67,642.89,1588.04,1412.89,14.62,21.61,553.38,2388.12,9104.22,1.3,47.5,520.99,2388.0,8173.21,8.4398,0.03,393,2388,100.0,38.77,23.2728
97,163,0.002,0.0005,100.0,518.67,642.97,1593.13,1407.04,14.62,21.61,553.12,2388.05,9097.66,1.3,47.37,520.81,2388.0,8175.32,8.4652,0.03,394,2388,100.0,38.65,23.2613
97,164,0.002,-0.0003,100.0,518.67,642.94,1596.24,1406.49,14.62,21.61,553.16,2388.09,9106.17,1.3,47.52,521.38,2388.05,8182.81,8.465,0.03,394,2388,100.0,38.84,23.266
97,165,-0.0027,-0.0004,100.0,518.67,642.95,1591.79,1407.37,14.62,21.61,553.1,2388.09,9107.6,1.3,47.58,521.43,2388.02,8182.14,8.444,0.03,392,2388,100.0,38.82,23.3257
97,166,0.0001,0.0004,100.0,518.67,642.68,1592.24,1406.03,14.62,21.61,553.48,2388.05,9105.42,1.3,47.48,521.81,2388.07,8175.76,8.4545,0.03,394,2388,100.0,38.77,23.2744
97,167,0.0006,-0.0002,100.0,518.67,642.27,1587.48,1406.84,14.62,21.61,553.5,2388.08,9101.66,1.3,47.58,521.53,2388.05,8179.84,8.446,0.03,393,2388,100.0,38.75,23.2199
97,168,0.0005,-0.0002,100.0,518.67,642.8,1593.34,1412.53,14.62,21.61,553.08,2388.04,9107.16,1.3,47.61,521.51,2388.08,8182.79,8.4557,0.03,393,2388,100.0,38.66,23.3045
97,169,-0.0011,0.0005,100.0,518.67,642.95,1595.77,1401.8,14.62,21.61,553.75,2388.06,9118.78,1.3,47.62,521.73,2388.01,8182.86,8.4399,0.03,394,2388,100.0,38.94,23.2459
97,170,-0.0034,0.0001,100.0,518.67,642.49,1587.41,1411.55,14.62,21.61,553.22,2388.05,9119.45,1.3,47.56,521.41,2388.07,8182.08,8.4458,0.03,395,2388,100.0,38.67,23.1897
97,171,-0.0037,0.0004,100.0,518.67,642.46,1595.14,1406.76,14.62,21.61,553.22,2388.02,9111.79,1.3,47.58,521.6,2388.07,8195.64,8.4538,0.03,395,2388,100.0,38.66,23.2896
97,172,-0.0008,0.0003,100.0,518.67,643.1,1593.56,1411.27,14.62,21.61,553.89,2388.06,9120.21,1.3,47.74,521.38,2388.07,8182.51,8.4492,0.03,395,2388,100.0,38.64,23.2998
97,173,0.0003,0.0005,100.0,518.67,642.33,1593.36,1415.43,14.62,21.61,552.62,2388.07,9118.13,1.3,47.7,521.79,2388.02,8186.99,8.4839,0.03,394,2388,100.0,38.61,23.2418
97,174,-0.0014,0.0,100.0,518.67,642.97,1592.52,1418.99,14.62,21.61,552.87,2388.07,9117.33,1.3,47.57,521.31,2388.09,8198.04,8.4307,0.03,394,2388,100.0,39.08,23.2683
97,175,0.0011,0.0005,100.0,518.67,642.58,1599.64,1414.21,14.62,21.61,553.59,2388.11,9115.17,1.3,47.68,521.6,2388.09,8191.69,8.4412,0.03,395,2388,100.0,38.82,23.2674
97,176,0.0016,0.0003,100.0,518.67,643.67,1588.89,1413.01,14.62,21.61,552.28,2387.98,9126.09,1.3,47.81,521.61,2388.03,8199.71,8.4401,0.03,394,2388,100.0,38.6,23.2005
97,177,-0.0002,-0.0001,100.0,518.67,643.35,1598.21,1408.17,14.62,21.61,553.18,2388.06,9133.73,1.3,47.52,521.18,2388.07,8196.46,8.465,0.03,395,2388,100.0,38.82,23.1064
97,178,-0.0004,-0.0,100.0,518.67,643.14,1598.57,1420.07,14.62,21.61,552.87,2388.03,9127.92,1.3,47.73,521.13,2388.11,8198.58,8.4816,0.03,395,2388,100.0,38.7,23.1568
97,179,-0.0009,0.0003,100.0,518.67,643.12,1595.39,1412.22,14.62,21.61,553.5,2388.07,9132.34,1.3,47.78,520.82,2388.07,8204.68,8.447,0.03,397,2388,100.0,38.73,23.2766
97,180,-0.0017,0.0,100.0,518.67,643.73,1594.84,1418.51,14.62,21.61,552.62,2388.1,9144.39,1.3,47.84,521.54,2388.1,8204.09,8.4693,0.03,393,2388,100.0,38.78,23.0957
97,181,0.0022,-0.0001,100.0,518.67,643.09,1589.77,1413.01,14.62,21.61,552.63,2388.11,9137.39,1.3,47.6,521.19,2388.03,8206.13,8.4637,0.03,394,2388,100.0,38.82,23.2579
97,182,-0.0006,0.0001,100.0,518.67,642.89,1596.81,1414.53,14.62,21.61,552.78,2388.03,9148.6,1.3,47.61,521.1,2388.1,8207.94,8.4568,0.03,394,2388,100.0,38.82,23.3202
97,183,0.0043,0.0005,100.0,518.67,643.29,1590.71,1418.39,14.62,21.61,552.64,2388.04,9142.59,1.3,47.68,521.01,2388.04,8213.45,8.4877,0.03,397,2388,100.0,38.72,23.2412
97,184,0.0034,0.0004,100.0,518.67,643.89,1593.07,1414.26,14.62,21.61,552.59,2388.06,9152.46,1.3,47.86,521.04,2388.07,8213.26,8.4611,0.03,397,2388,100.0,38.79,23.1632
97,185,0.0015,-0.0002,100.0,518.67,642.58,1591.57,1417.87,14.62,21.61,552.95,2388.13,9143.42,1.3,47.89,520.71,2388.09,8220.18,8.4756,0.03,395,2388,100.0,38.63,23.1792
97,186,-0.0035,0.0003,100.0,518.67,643.37,1601.66,1421.33,14.62,21.61,552.6,2388.06,9150.47,1.3,47.79,520.82,2388.04,8215.76,8.4474,0.03,394,2388,100.0,38.51,23.1516
97,187,-0.0008,-0.0001,100.0,518.67,642.8,1602.2,1420.68,14.62,21.61,552.31,2388.1,9154.23,1.3,47.76,520.61,2388.11,8225.96,8.4599,0.03,394,2388,100.0,38.54,23.2791
97,188,-0.0006,0.0004,100.0,518.67,643.0,1598.61,1420.2,14.62,21.61,552.67,2388.12,9160.03,1.3,47.72,520.8,2388.07,8220.11,8.4927,0.03,395,2388,100.0,38.47,23.2203
97,189,-0.0011,0.0,100.0,518.67,643.38,1600.39,1426.13,14.62,21.61,552.45,2388.07,9149.75,1.3,47.8,521.07,2388.11,8229.61,8.5041,0.03,396,2388,100.0,38.73,23.1423
97,190,-0.0002,0.0002,100.0,518.67,643.49,1596.78,1415.18,14.62,21.61,552.7,2388.15,9163.63,1.3,47.81,520.18,2388.09,8225.24,8.4779,0.03,397,2388,100.0,38.54,23.1952
97,191,0.0024,0.0003,100.0,518.67,643.05,1596.91,1423.38,14.62,21.61,551.78,2388.13,9170.87,1.3,47.86,520.97,2388.09,8232.57,8.5344,0.03,396,2388,100.0,38.49,23.1782
97,192,0.0021,-0.0001,100.0,518.67,643.54,1610.06,1421.38,14.62,21.61,552.03,2388.11,9171.51,1.3,47.97,521.33,2388.09,8228.95,8.5013,0.03,395,2388,100.0,38.44,23.086
97,193,-0.0001,-0.0,100.0,518.67,643.11,1596.09,1418.23,14.62,21.61,552.47,2388.19,9173.21,1.3,47.75,520.29,2388.11,8238.18,8.4864,0.03,396,2388,100.0,38.6,23.0863
97,194,-0.003,0.0001,100.0,518.67,643.35,1607.58,1420.27,14.62,21.61,552.42,2388.1,9178.98,1.3,47.85,520.78,2388.17,8240.75,8.4759,0.03,395,2388,100.0,38.53,23.1768
97,195,0.0029,0.0004,100.0,518.67,643.96,1599.16,1424.68,14.62,21.61,552.66,2388.16,9179.63,1.3,47.82,520.35,2388.16,8247.82,8.5138,0.03,395,2388,100.0,38.57,23.0651
97,196,-0.0001,0.0,100.0,518.67,643.19,1597.51,1429.74,14.62,21.61,552.69,2388.11,9187.06,1.3,47.87,520.83,2388.13,8240.08,8.4874,0.03,395,2388,100.0,38.51,23.1614
97,197,-0.0008,0.0003,100.0,518.67,643.48,1604.51,1427.37,14.62,21.61,552.38,2388.17,9189.58,1.3,47.97,520.26,2388.11,8250.71,8.5596,0.03,396,2388,100.0,38.67,23.1556
97,198,-0.0008,-0.0002,100.0,518.67,643.52,1605.46,1426.47,14.62,21.61,553.18,2388.15,9197.35,1.3,48.16,520.41,2388.12,8255.95,8.5132,0.03,397,2388,100.0,38.38,22.9548
97,199,0.0019,-0.0002,100.0,518.67,643.97,1605.94,1429.9,14.62,21.61,551.84,2388.16,9201.83,1.3,48.07,520.13,2388.08,8258.58,8.4981,0.03,400,2388,100.0,38.59,23.0657
97,200,-0.0035,0.0005,100.0,518.67,643.2,1601.34,1429.4,14.62,21.61,552.04,2388.12,9203.16,1.3,48.04,519.98,2388.16,8257.38,8.5402,0.03,396,2388,100.0,38.39,23.0501
97,201,-0.0026,-0.0001,100.0,518.67,643.46,1606.9,1430.66,14.62,21.61,552.19,2388.19,9207.74,1.3,48.18,520.06,2388.15,8270.91,8.5514,0.03,397,2388,100.0,38.44,23.1451
97,202,0.0014,0.0001,100.0,518.67,643.79,1610.66,1427.41,14.62,21.61,551.55,2388.15,9208.02,1.3,47.94,519.91,2388.15,8263.63,8.5277,0.03,397,2388,100.0,38.29,23.1184
