machine_id,cycle,failure_probability,anomaly_raw_score,anomaly_score,anomaly_flag,anomaly_severity,machine_health_indicator,prediction_status,recommendation_category,data_quality_status,reliability
29,1,0.0003437248067543975,0.48075149458599664,0.7862254025044723,False,0.0,99.97,NO_ALERT,MONITOR,DATA_OK,reliable
29,2,0.0006915407576079531,0.42366926339922006,0.15876565295169948,False,0.0,99.93,NO_ALERT,MONITOR,DATA_OK,reliable
29,3,0.00034805749096126706,0.4196803924009653,0.11538461538461539,False,0.0,99.97,NO_ALERT,MONITOR,DATA_OK,reliable
29,4,0.00039370822155211405,0.4412955027814518,0.3962432915921288,False,0.0,99.96,NO_ALERT,MONITOR,DATA_OK,reliable
29,5,0.0004909165880371186,0.41010890992341753,0.03175313059033989,False,0.0,99.95,NO_ALERT,MONITOR,DATA_OK,reliable
29,6,0.00044828377653475675,0.41487978451320134,0.06753130590339892,False,0.0,99.96,NO_ALERT,MONITOR,DATA_OK,reliable
29,7,0.00029910350111052634,0.4276795999205013,0.21243291592128802,False,0.0,99.97,NO_ALERT,MONITOR,DATA_OK,reliable
29,8,0.0002826549184885538,0.41536874454070466,0.07245080500894455,False,0.0,99.97,NO_ALERT,MONITOR,DATA_OK,reliable
29,9,0.0002637373251250553,0.41926221954788356,0.11046511627906977,False,0.0,99.97,NO_ALERT,MONITOR,DATA_OK,reliable
29,10,0.00026603787956424945,0.40895680485032027,0.029069767441860465,False,0.0,99.97,NO_ALERT,MONITOR,DATA_OK,reliable
29,11,0.00033835035128280624,0.4062486470431265,0.020572450805008944,False,0.0,99.97,NO_ALERT,MONITOR,DATA_OK,reliable
29,12,0.00039953978110131847,0.41998293995663566,0.11627906976744186,False,0.0,99.96,NO_ALERT,MONITOR,DATA_OK,reliable
29,13,0.0005131625659956671,0.42051627737763575,0.12298747763864043,False,0.0,99.95,NO_ALERT,MONITOR,DATA_OK,reliable
29,14,0.00025733556949765046,0.410541785279045,0.03398926654740608,False,0.0,99.97,NO_ALERT,MONITOR,DATA_OK,reliable
29,15,0.00026536123326899286,0.4087555250149463,0.029069767441860465,False,0.0,99.97,NO_ALERT,MONITOR,DATA_OK,reliable
29,16,0.00031118083713267897,0.41398827357374135,0.0626118067978533,False,0.0,99.97,NO_ALERT,MONITOR,DATA_OK,reliable
29,17,0.00023067180223608578,0.426590611938086,0.1981216457960644,False,0.0,99.98,NO_ALERT,MONITOR,DATA_OK,reliable
29,18,0.00043414586074934114,0.43000235294254185,0.24508050089445438,False,0.0,99.96,NO_ALERT,MONITOR,DATA_OK,reliable
29,19,0.00022717122339094048,0.39930479139374647,0.0031305903398926656,False,0.0,99.98,NO_ALERT,MONITOR,DATA_OK,reliable
29,20,0.00047778376366542274,0.4331605559342542,0.2826475849731664,False,0.0,99.95,NO_ALERT,MONITOR,DATA_OK,reliable
29,21,0.00032311426079958884,0.40639854212996035,0.02101967799642218,False,0.0,99.97,NO_ALERT,MONITOR,DATA_OK,reliable
29,22,0.0002794494709949219,0.42019859320410174,0.11940966010733453,False,0.0,99.97,NO_ALERT,MONITOR,DATA_OK,reliable
29,23,0.0005906362135540854,0.41694474696340666,0.08542039355992845,False,0.0,99.94,NO_ALERT,MONITOR,DATA_OK,reliable
29,24,0.0005052386253017773,0.4040727486742523,0.014758497316636851,False,0.0,99.95,NO_ALERT,MONITOR,DATA_OK,reliable
29,25,0.00065860292628376,0.4379705560351636,0.35107334525939177,False,0.0,99.93,NO_ALERT,MONITOR,DATA_OK,reliable
29,26,0.0005838795243127931,0.4119507011842749,0.04516994633273703,False,0.0,99.94,NO_ALERT,MONITOR,DATA_OK,reliable
29,27,0.0005382412037477318,0.4274712428134189,0.21064400715563505,False,0.0,99.95,NO_ALERT,MONITOR,DATA_OK,reliable
29,28,0.000354644301309313,0.4162610308463545,0.07871198568872988,False,0.0,99.96,NO_ALERT,MONITOR,DATA_OK,reliable
29,29,0.00043840822042354345,0.4373689715693128,0.3412343470483005,False,0.0,99.96,NO_ALERT,MONITOR,DATA_OK,reliable
29,30,0.0004607111809033507,0.43968529402851897,0.37656529516994636,False,0.0,99.95,NO_ALERT,MONITOR,DATA_OK,reliable
29,31,0.0003054269507319073,0.4145043985505163,0.0648479427549195,False,0.0,99.97,NO_ALERT,MONITOR,DATA_OK,reliable
29,32,0.0003692660101609658,0.41882301124333504,0.10554561717352415,False,0.0,99.96,NO_ALERT,MONITOR,DATA_OK,reliable
29,33,0.0004379221055673884,0.4257513558583417,0.1838103756708408,False,0.0,99.96,NO_ALERT,MONITOR,DATA_OK,reliable
29,34,0.0003396007057242037,0.4387030462901515,0.36046511627906974,False,0.0,99.97,NO_ALERT,MONITOR,DATA_OK,reliable
29,35,0.00022568594288194366,0.4242286599133098,0.16905187835420393,False,0.0,99.98,NO_ALERT,MONITOR,DATA_OK,reliable
29,36,0.000232790035632665,0.41353601313068045,0.059033989266547404,False,0.0,99.98,NO_ALERT,MONITOR,DATA_OK,reliable
29,37,0.00024362970563721715,0.42109267376053705,0.1283542039355993,False,0.0,99.98,NO_ALERT,MONITOR,DATA_OK,reliable
29,38,0.00030641310643256367,0.41578726571240743,0.0755813953488372,False,0.0,99.97,NO_ALERT,MONITOR,DATA_OK,reliable
29,39,0.0003292573633437925,0.44071098376903883,0.3886404293381038,False,0.0,99.97,NO_ALERT,MONITOR,DATA_OK,reliable
29,40,0.00030302492191421916,0.41901653881127193,0.10822898032200358,False,0.0,99.97,NO_ALERT,MONITOR,DATA_OK,reliable
29,41,0.00022340356900156112,0.4048400858103297,0.01699463327370304,False,0.0,99.98,NO_ALERT,MONITOR,DATA_OK,reliable
29,42,0.0006726585352479777,0.4347705605412052,0.30635062611806796,False,0.0,99.93,NO_ALERT,MONITOR,DATA_OK,reliable
29,43,0.0009998311701307628,0.44788053965647073,0.4928443649373882,False,0.0,99.9,NO_ALERT,MONITOR,DATA_OK,reliable
29,44,0.0004638300778434946,0.41201900500536154,0.04516994633273703,False,0.0,99.95,NO_ALERT,MONITOR,DATA_OK,reliable
29,45,0.0006117380293713078,0.4478248608306822,0.49105545617173524,False,0.0,99.94,NO_ALERT,MONITOR,DATA_OK,reliable
29,46,0.0005851568364336226,0.4085263881575182,0.028622540250447227,False,0.0,99.94,NO_ALERT,MONITOR,DATA_OK,reliable
29,47,0.00047386793298362254,0.4045456636310223,0.016100178890876567,False,0.0,99.95,NO_ALERT,MONITOR,DATA_OK,reliable
29,48,0.000502797394173586,0.40925230571428173,0.029069767441860465,False,0.0,99.95,NO_ALERT,MONITOR,DATA_OK,reliable
29,49,0.0004451678114141337,0.40935298117110297,0.03041144901610018,False,0.0,99.96,NO_ALERT,MONITOR,DATA_OK,reliable
29,50,0.0002156649697312069,0.4227388057958783,0.1440071556350626,False,0.0,99.98,NO_ALERT,MONITOR,DATA_OK,reliable
29,51,0.00023530359228312258,0.408962752558414,0.029069767441860465,False,0.0,99.98,NO_ALERT,MONITOR,DATA_OK,reliable
29,52,0.0002854263222995276,0.41141206521384505,0.040697674418604654,False,0.0,99.97,NO_ALERT,MONITOR,DATA_OK,reliable
29,53,0.00024838865088007157,0.4070719364705973,0.023255813953488372,False,0.0,99.98,NO_ALERT,MONITOR,DATA_OK,reliable
29,54,0.00023785510010018813,0.41139135880994143,0.040697674418604654,False,0.0,99.98,NO_ALERT,MONITOR,DATA_OK,reliable
29,55,0.00032198908740549767,0.4037874352316166,0.014311270125223614,False,0.0,99.97,NO_ALERT,MONITOR,DATA_OK,reliable
29,56,0.0005823083862657512,0.4228610682487082,0.14669051878354203,False,0.0,99.94,NO_ALERT,MONITOR,DATA_OK,reliable
29,57,0.0004821897720683568,0.4371363880129965,0.3358676207513417,False,0.0,99.95,NO_ALERT,MONITOR,DATA_OK,reliable
29,58,0.00038663180513158355,0.4274102094319309,0.20974955277280857,False,0.0,99.96,NO_ALERT,MONITOR,DATA_OK,reliable
29,59,0.0003056360946245323,0.41787027493369605,0.09391771019677997,False,0.0,99.97,NO_ALERT,MONITOR,DATA_OK,reliable
29,60,0.0002664649394770149,0.42440726349351815,0.17039355992844366,False,0.0,99.97,NO_ALERT,MONITOR,DATA_OK,reliable
29,61,0.00020598938325179207,0.4114052080225244,0.040697674418604654,False,0.0,99.98,NO_ALERT,MONITOR,DATA_OK,reliable
29,62,0.00022334515941147828,0.4358984317429598,0.3211091234347048,False,0.0,99.98,NO_ALERT,MONITOR,DATA_OK,reliable
29,63,0.0002924303468612998,0.42331662705930984,0.1520572450805009,False,0.0,99.97,NO_ALERT,MONITOR,DATA_OK,reliable
29,64,0.00023322362238883325,0.41773214042089396,0.09168157423971378,False,0.0,99.98,NO_ALERT,MONITOR,DATA_OK,reliable
29,65,0.00023735293762609452,0.4148233228272574,0.06708407871198568,False,0.0,99.98,NO_ALERT,MONITOR,DATA_OK,reliable
29,66,0.00023891873992216634,0.4224450006114252,0.1404293381037567,False,0.0,99.98,NO_ALERT,MONITOR,DATA_OK,reliable
29,67,0.0002879398506380632,0.4297964243189813,0.2428443649373882,False,0.0,99.97,NO_ALERT,MONITOR,DATA_OK,reliable
29,68,0.0004134766828031764,0.4308343755757005,0.2549194991055456,False,0.0,99.96,NO_ALERT,MONITOR,DATA_OK,reliable
29,69,0.0003390663637471027,0.4182318826132199,0.10062611806797854,False,0.0,99.97,NO_ALERT,MONITOR,DATA_OK,reliable
29,70,0.00034907053704632846,0.4531243250135581,0.5585867620751341,False,0.0,99.97,NO_ALERT,MONITOR,DATA_OK,reliable
29,71,0.00028191479060630506,0.43477018761439745,0.30635062611806796,False,0.0,99.97,NO_ALERT,MONITOR,DATA_OK,reliable
29,72,0.00045559503594233547,0.4475076027484147,0.4879248658318426,False,0.0,99.95,NO_ALERT,MONITOR,DATA_OK,reliable
29,73,0.0005760358112225101,0.42186802360025194,0.13595706618962433,False,0.0,99.94,NO_ALERT,MONITOR,DATA_OK,reliable
29,74,0.0002295828241064242,0.4408655925904683,0.38953488372093026,False,0.0,99.98,NO_ALERT,MONITOR,DATA_OK,reliable
29,75,0.000290765618068747,0.4312518573702999,0.25983899821109124,False,0.0,99.97,NO_ALERT,MONITOR,DATA_OK,reliable
29,76,0.00016776199500592124,0.431510808293463,0.2629695885509839,False,0.0,99.98,NO_ALERT,MONITOR,DATA_OK,reliable
29,77,0.00011903695475793615,0.44444009076308655,0.44364937388193204,False,0.0,99.99,NO_ALERT,MONITOR,DATA_OK,reliable
29,78,0.0003054831632121999,0.43918759498772564,0.37298747763864043,False,0.0,99.97,NO_ALERT,MONITOR,DATA_OK,reliable
29,79,0.0003021491710288256,0.43494407545188196,0.3085867620751342,False,0.0,99.97,NO_ALERT,MONITOR,DATA_OK,reliable
29,80,0.00036230510066786797,0.4357578740350652,0.31887298747763865,False,0.0,99.96,NO_ALERT,MONITOR,DATA_OK,reliable
29,81,0.0004207352404839324,0.43140393136603167,0.2616279069767442,False,0.0,99.96,NO_ALERT,MONITOR,DATA_OK,reliable
29,82,0.0007902699128566502,0.4466382878607975,0.4776386404293381,False,0.0,99.92,NO_ALERT,MONITOR,DATA_OK,reliable
29,83,0.00044321618878232784,0.4550451498619241,0.5818425760286225,False,0.0,99.96,NO_ALERT,MONITOR,DATA_OK,reliable
29,84,0.0003223461255390191,0.44950437495318124,0.5161001788908766,False,0.0,99.97,NO_ALERT,MONITOR,DATA_OK,reliable
29,85,0.0003344705840070118,0.44604788208973417,0.47048300536672627,False,0.0,99.97,NO_ALERT,MONITOR,DATA_OK,reliable
29,86,0.000402523965937452,0.43016069430516257,0.24597495527728086,False,0.0,99.96,NO_ALERT,MONITOR,DATA_OK,reliable
29,87,0.0004731272152470969,0.4364487401500498,0.3278175313059034,False,0.0,99.95,NO_ALERT,MONITOR,DATA_OK,reliable
29,88,0.0009535292608599732,0.45024503632739427,0.526386404293381,False,0.0,99.9,NO_ALERT,MONITOR,DATA_OK,reliable
29,89,0.0011175837702520647,0.4330301054229494,0.28041144901610016,False,0.0,99.89,NO_ALERT,MONITOR,DATA_OK,reliable
29,90,0.0005195004939312547,0.4388990984096486,0.3667262969588551,False,0.0,99.95,NO_ALERT,MONITOR,DATA_OK,reliable
29,91,0.0006073682876624102,0.42847220726432955,0.22271914132379247,False,0.0,99.94,NO_ALERT,MONITOR,DATA_OK,reliable
29,92,0.000788089268613878,0.4730332781563,0.7379248658318426,False,0.0,99.92,NO_ALERT,MONITOR,DATA_OK,reliable
29,93,0.0007095467462460535,0.49380752572876263,0.8416815742397138,False,0.0,99.93,NO_ALERT,MONITOR,DATA_OK,reliable
29,94,0.0009037995943144457,0.4601489125192352,0.6364042933810375,False,0.0,99.91,NO_ALERT,MONITOR,DATA_OK,reliable
29,95,0.0012194758292827924,0.47661338596840397,0.7625223613595706,False,0.0,99.88,NO_ALERT,MONITOR,DATA_OK,reliable
29,96,0.0011022230783458806,0.4675039109415317,0.6976744186046512,False,0.0,99.89,NO_ALERT,MONITOR,DATA_OK,reliable
29,97,0.002190816972452076,0.5131501988412763,0.9118962432915921,False,0.0,99.78,NO_ALERT,MONITOR,DATA_OK,reliable
29,98,0.053609535688980574,0.5097560668024586,0.9042933810375671,False,0.0,94.64,NO_ALERT,INSPECT,DATA_OK,reliable
29,99,0.01597417376363348,0.4782108033443132,0.7719141323792487,False,0.0,98.4,NO_ALERT,MONITOR,DATA_OK,reliable
29,100,0.023699910676369385,0.49518278992493503,0.8470483005366727,False,0.0,97.63,NO_ALERT,MONITOR,DATA_OK,reliable
29,101,0.02345765420654432,0.5086049362509849,0.9002683363148479,False,0.0,97.65,NO_ALERT,MONITOR,DATA_OK,reliable
29,102,0.028248085469699598,0.5207494681480316,0.9297853309481217,False,0.0,97.18,NO_ALERT,MONITOR,DATA_OK,reliable
29,103,0.00221543206512976,0.46835980812641353,0.7057245080500895,False,0.0,99.78,NO_ALERT,MONITOR,DATA_OK,reliable
29,104,0.00167180779760146,0.49523995295151374,0.8470483005366727,False,0.0,99.83,NO_ALERT,MONITOR,DATA_OK,reliable
29,105,0.00493661759358734,0.4836955418835263,0.7991949910554562,False,0.0,99.51,NO_ALERT,MONITOR,DATA_OK,reliable
29,106,0.00378247768663376,0.5028334261047672,0.8819320214669052,False,0.0,99.62,NO_ALERT,MONITOR,DATA_OK,reliable
29,107,0.002486235829577743,0.47160949549208275,0.7289803220035778,False,0.0,99.75,NO_ALERT,MONITOR,DATA_OK,reliable
29,108,0.004585988681326784,0.5047447703191518,0.8895348837209303,False,0.0,99.54,NO_ALERT,MONITOR,DATA_OK,reliable
29,109,0.007035724793123485,0.4821968283170605,0.7938282647584973,False,0.0,99.3,NO_ALERT,MONITOR,DATA_OK,reliable
29,110,0.02333549760212216,0.5197165639108243,0.9284436493738819,False,0.0,97.67,NO_ALERT,MONITOR,DATA_OK,reliable
29,111,0.056407032571423925,0.5244941476593535,0.9369409660107334,False,0.0,94.36,NO_ALERT,INSPECT,DATA_OK,reliable
29,112,0.028605954941651156,0.5070034586206669,0.8944543828264758,False,0.0,97.14,NO_ALERT,MONITOR,DATA_OK,reliable
29,113,0.05253917879460327,0.534953783233498,0.9503577817531306,False,0.0,94.75,NO_ALERT,INSPECT,DATA_OK,reliable
29,114,0.10591017494985323,0.5694388573667448,0.9843470483005367,True,0.21735241502683336,83.58,ALERT,SCHEDULE MAINTENANCE,DATA_OK,reliable
29,115,0.07783012484298679,0.5653234712064571,0.9816636851520573,True,0.083184257602864,89.92,NO_ALERT,INSPECT,DATA_OK,reliable
29,116,0.17378442043013623,0.5664232075175509,0.9834525939177102,True,0.17262969588551208,78.34,ALERT,SCHEDULE MAINTENANCE,DATA_OK,reliable
29,117,0.2003480622419487,0.5756004151654864,0.9892665474060823,True,0.463327370304117,68.85,ALERT,SCHEDULE MAINTENANCE,DATA_OK,reliable
29,118,0.17737486293022553,0.5730882200168125,0.9874776386404294,True,0.3738819320214689,73.04,ALERT,SCHEDULE MAINTENANCE,DATA_OK,reliable
29,119,0.3114443491648975,0.5828178203907717,0.9932915921288015,True,0.6645796064400739,55.13,ALERT,SCHEDULE MAINTENANCE,DATA_OK,reliable
29,120,0.26935793801342367,0.5964686022610656,0.9973166368515206,True,0.8658318425760306,54.09,ALERT,SCHEDULE MAINTENANCE,DATA_OK,reliable
29,121,0.291632369172418,0.5903864414019138,0.9959749552772809,True,0.7987477638640432,53.86,ALERT,SCHEDULE MAINTENANCE,DATA_OK,reliable
29,122,0.09750093441995715,0.5759195812174516,0.9897137745974955,True,0.4856887298747776,77.1,NO_ALERT,INSPECT,DATA_OK,reliable
29,123,0.09031510520966418,0.6063711911760139,0.9995527728085868,True,0.9776386404293393,64.29,NO_ALERT,INSPECT,DATA_OK,reliable
29,124,0.1112180561835339,0.5898095528398895,0.9959749552772809,True,0.7987477638640432,67.58,ALERT,SCHEDULE MAINTENANCE,DATA_OK,reliable
29,125,0.11190500649506518,0.6022851065183987,0.9991055456171736,True,0.9552772808586787,63.36,ALERT,SCHEDULE MAINTENANCE,DATA_OK,reliable
29,126,0.04681403638865703,0.6059429880443469,0.9995527728085868,True,0.9776386404293393,67.36,NO_ALERT,INSPECT,DATA_OK,reliable
29,127,0.06600622569283293,0.5997072543323593,0.998211091234347,True,0.9105545617173519,67.89,NO_ALERT,INSPECT,DATA_OK,reliable
29,128,0.3016586195298665,0.6246729609785506,1.0,True,1.0,48.88,ALERT,SCHEDULE MAINTENANCE,DATA_OK,reliable
29,129,0.21425714009722316,0.6214775374440858,1.0,True,1.0,55.0,ALERT,SCHEDULE MAINTENANCE,DATA_OK,reliable
29,130,0.15710045457845118,0.6437922565118418,1.0,True,1.0,59.0,ALERT,SCHEDULE MAINTENANCE,DATA_OK,reliable
29,131,0.2514971000722619,0.6425266852816315,1.0,True,1.0,52.4,ALERT,SCHEDULE MAINTENANCE,DATA_OK,reliable
29,132,0.5788099880104899,0.6505052969144407,1.0,True,1.0,29.48,ALERT,SCHEDULE MAINTENANCE,DATA_OK,reliable
29,133,0.23216033817068235,0.6478329773573712,1.0,True,1.0,53.75,ALERT,SCHEDULE MAINTENANCE,DATA_OK,reliable
29,134,0.17144700066022234,0.6328216192725824,1.0,True,1.0,58.0,ALERT,SCHEDULE MAINTENANCE,DATA_OK,reliable
29,135,0.22888373738656828,0.6580454314724122,1.0,True,1.0,53.98,ALERT,SCHEDULE MAINTENANCE,DATA_OK,reliable
29,136,0.24188276173927592,0.640349999775893,1.0,True,1.0,53.07,ALERT,SCHEDULE MAINTENANCE,DATA_OK,reliable
29,137,0.3326864985007682,0.6565716293177111,1.0,True,1.0,46.71,ALERT,SCHEDULE MAINTENANCE,DATA_OK,reliable
29,138,0.4769296526348544,0.6753773875479139,1.0,True,1.0,36.61,ALERT,SCHEDULE MAINTENANCE,DATA_OK,reliable
29,139,0.5528799728127766,0.6677231895454407,1.0,True,1.0,31.3,ALERT,SCHEDULE MAINTENANCE,DATA_OK,reliable
29,140,0.3780668573323277,0.6343527726592758,1.0,True,1.0,43.54,ALERT,SCHEDULE MAINTENANCE,DATA_OK,reliable
29,141,0.4992072369178867,0.6597162280326925,1.0,True,1.0,35.06,ALERT,SCHEDULE MAINTENANCE,DATA_OK,reliable
29,142,0.7616537703470386,0.6796427294852543,1.0,True,1.0,16.68,ALERT,URGENT REVIEW,DATA_OK,reliable
29,143,0.731919410630271,0.6650374168934491,1.0,True,1.0,18.77,ALERT,URGENT REVIEW,DATA_OK,reliable
29,144,0.8322364163955481,0.6797366413366177,1.0,True,1.0,11.74,ALERT,URGENT REVIEW,DATA_OK,reliable
29,145,0.9285586104748687,0.6794979058415892,1.0,True,1.0,5.0,ALERT,URGENT REVIEW,DATA_OK,reliable
29,146,0.8893230783350716,0.6665486595352186,1.0,True,1.0,7.75,ALERT,URGENT REVIEW,DATA_OK,reliable
29,147,0.9403439101431649,0.6863722147458771,1.0,True,1.0,4.18,ALERT,URGENT REVIEW,DATA_OK,reliable
29,148,0.9424913339000491,0.6870254391549147,1.0,True,1.0,4.03,ALERT,URGENT REVIEW,DATA_OK,reliable
29,149,0.9608903115493495,0.6795442264245299,1.0,True,1.0,2.74,ALERT,URGENT REVIEW,DATA_OK,reliable
29,150,0.972791812616986,0.6948770997527657,1.0,True,1.0,1.9,ALERT,URGENT REVIEW,DATA_OK,reliable
29,151,0.9427133035513724,0.6884907675942917,1.0,True,1.0,4.01,ALERT,URGENT REVIEW,DATA_OK,reliable
29,152,0.9458792623649673,0.6852245320606218,1.0,True,1.0,3.79,ALERT,URGENT REVIEW,DATA_OK,reliable
29,153,0.9666821436330645,0.6782920965546018,1.0,True,1.0,2.33,ALERT,URGENT REVIEW,DATA_OK,reliable
29,154,0.9821288928629556,0.6912925547492823,1.0,True,1.0,1.25,ALERT,URGENT REVIEW,DATA_OK,reliable
29,155,0.9759588969265522,0.6921015645773261,1.0,True,1.0,1.68,ALERT,URGENT REVIEW,DATA_OK,reliable
29,156,0.9794729342347327,0.6930044497419445,1.0,True,1.0,1.44,ALERT,URGENT REVIEW,DATA_OK,reliable
29,157,0.9814657819847403,0.6854251062173896,1.0,True,1.0,1.3,ALERT,URGENT REVIEW,DATA_OK,reliable
29,158,0.9884108230589397,0.6941850395990417,1.0,True,1.0,0.81,ALERT,URGENT REVIEW,DATA_OK,reliable
29,159,0.9883966865039958,0.6987585221693934,1.0,True,1.0,0.81,ALERT,URGENT REVIEW,DATA_OK,reliable
29,160,0.986696613121282,0.6906449066593735,1.0,True,1.0,0.93,ALERT,URGENT REVIEW,DATA_OK,reliable
29,161,0.9869267921336976,0.6989923015828293,1.0,True,1.0,0.92,ALERT,URGENT REVIEW,DATA_OK,reliable
29,162,0.9899175126844665,0.6974365953546193,1.0,True,1.0,0.71,ALERT,URGENT REVIEW,DATA_OK,reliable
29,163,0.9803084506231305,0.7018209070501099,1.0,True,1.0,1.38,ALERT,URGENT REVIEW,DATA_OK,reliable
48,1,0.0001910452107049054,0.4706333928801723,0.7209302325581395,False,0.0,99.98,NO_ALERT,MONITOR,DATA_OK,reliable
48,2,0.00023630013436063164,0.46969166083857977,0.7128801431127012,False,0.0,99.98,NO_ALERT,MONITOR,DATA_OK,reliable
48,3,0.00017442075050960404,0.4728375834159326,0.7356887298747764,False,0.0,99.98,NO_ALERT,MONITOR,DATA_OK,reliable
48,4,0.0002883210019299759,0.4757356415214846,0.7571556350626119,False,0.0,99.97,NO_ALERT,MONITOR,DATA_OK,reliable
48,5,0.00028064721164177303,0.46725498761127604,0.693649373881932,False,0.0,99.97,NO_ALERT,MONITOR,DATA_OK,reliable
48,6,0.00025198565240668703,0.4397799659291162,0.37790697674418605,False,0.0,99.97,NO_ALERT,MONITOR,DATA_OK,reliable
48,7,0.00019579990011570794,0.43838029833000425,0.3555456171735242,False,0.0,99.98,NO_ALERT,MONITOR,DATA_OK,reliable
48,8,0.00025427450663084586,0.4672600812589562,0.6940966010733453,False,0.0,99.97,NO_ALERT,MONITOR,DATA_OK,reliable
48,9,0.00027470342464541297,0.4381855049932339,0.35152057245080504,False,0.0,99.97,NO_ALERT,MONITOR,DATA_OK,reliable
48,10,0.00021866919908270546,0.4725404615120088,0.7338998211091234,False,0.0,99.98,NO_ALERT,MONITOR,DATA_OK,reliable
48,11,0.0003360126471027049,0.4488768981202961,0.5067084078711985,False,0.0,99.97,NO_ALERT,MONITOR,DATA_OK,reliable
48,12,0.00024227050083655503,0.4289703429226529,0.231216457960644,False,0.0,99.98,NO_ALERT,MONITOR,DATA_OK,reliable
48,13,0.0002589100481481238,0.44409197313137394,0.43828264758497315,False,0.0,99.97,NO_ALERT,MONITOR,DATA_OK,reliable
48,14,0.00022545616343049024,0.4445505469096258,0.4458855098389982,False,0.0,99.98,NO_ALERT,MONITOR,DATA_OK,reliable
48,15,0.00019726035554816767,0.4412781094818124,0.3957960644007156,False,0.0,99.98,NO_ALERT,MONITOR,DATA_OK,reliable
48,16,0.0001878806689467289,0.4396210130150568,0.37656529516994636,False,0.0,99.98,NO_ALERT,MONITOR,DATA_OK,reliable
48,17,0.00014675949578291198,0.44684240540239334,0.4803220035778175,False,0.0,99.99,NO_ALERT,MONITOR,DATA_OK,reliable
48,18,0.0003225913758323966,0.4578773691252504,0.6171735241502684,False,0.0,99.97,NO_ALERT,MONITOR,DATA_OK,reliable
48,19,0.0003958137067220109,0.44358132215535745,0.43202146690518783,False,0.0,99.96,NO_ALERT,MONITOR,DATA_OK,reliable
48,20,0.00030415632179660134,0.4432787694175347,0.4279964221824687,False,0.0,99.97,NO_ALERT,MONITOR,DATA_OK,reliable
48,21,0.0002998290898363362,0.4300447814969346,0.24508050089445438,False,0.0,99.97,NO_ALERT,MONITOR,DATA_OK,reliable
48,22,0.00040444502772310703,0.4528543721639069,0.554561717352415,False,0.0,99.96,NO_ALERT,MONITOR,DATA_OK,reliable
48,23,0.0004572356064101021,0.44061412014821405,0.3881932021466905,False,0.0,99.95,NO_ALERT,MONITOR,DATA_OK,reliable
48,24,0.0005519104152153297,0.42578052949974854,0.1838103756708408,False,0.0,99.94,NO_ALERT,MONITOR,DATA_OK,reliable
48,25,0.0003211472819870425,0.448435961034653,0.4995527728085868,False,0.0,99.97,NO_ALERT,MONITOR,DATA_OK,reliable
48,26,0.0002409612618169086,0.43536023425555376,0.31261180679785333,False,0.0,99.98,NO_ALERT,MONITOR,DATA_OK,reliable
48,27,0.000196277865104275,0.4252978093184585,0.18202146690518783,False,0.0,99.98,NO_ALERT,MONITOR,DATA_OK,reliable
48,28,0.00026650042470683705,0.44445146174166295,0.44364937388193204,False,0.0,99.97,NO_ALERT,MONITOR,DATA_OK,reliable
48,29,0.00027763000515136757,0.4434098244342133,0.43112701252236135,False,0.0,99.97,NO_ALERT,MONITOR,DATA_OK,reliable
48,30,0.0006056294754508399,0.4343855844028374,0.3023255813953488,False,0.0,99.94,NO_ALERT,MONITOR,DATA_OK,reliable
48,31,0.0002791243925238201,0.43488593234556405,0.3076923076923077,False,0.0,99.97,NO_ALERT,MONITOR,DATA_OK,reliable
48,32,0.00022134186889853522,0.42642282350723837,0.19409660107334525,False,0.0,99.98,NO_ALERT,MONITOR,DATA_OK,reliable
48,33,0.00029106906853357804,0.4295254740367139,0.23792486583184258,False,0.0,99.97,NO_ALERT,MONITOR,DATA_OK,reliable
48,34,0.00032263626311871665,0.4679065720841535,0.7012522361359571,False,0.0,99.97,NO_ALERT,MONITOR,DATA_OK,reliable
48,35,0.00022481872167580665,0.47051882878768525,0.7204830053667263,False,0.0,99.98,NO_ALERT,MONITOR,DATA_OK,reliable
48,36,0.0002659666967674597,0.45000860194034065,0.5228085867620751,False,0.0,99.97,NO_ALERT,MONITOR,DATA_OK,reliable
48,37,0.00026525980114117597,0.4457390330997505,0.4619856887298748,False,0.0,99.97,NO_ALERT,MONITOR,DATA_OK,reliable
48,38,0.0003637348234512538,0.43800492707052,0.35107334525939177,False,0.0,99.96,NO_ALERT,MONITOR,DATA_OK,reliable
48,39,0.00020809119395687336,0.4690109075870188,0.7097495527728086,False,0.0,99.98,NO_ALERT,MONITOR,DATA_OK,reliable
48,40,0.0003845148146333795,0.4357561844324821,0.31887298747763865,False,0.0,99.96,NO_ALERT,MONITOR,DATA_OK,reliable
48,41,0.00028654008933258707,0.44708043222006516,0.48255813953488375,False,0.0,99.97,NO_ALERT,MONITOR,DATA_OK,reliable
48,42,0.00024291994953619292,0.43816106274941796,0.35152057245080504,False,0.0,99.98,NO_ALERT,MONITOR,DATA_OK,reliable
48,43,0.00032727521755792775,0.4461932198951964,0.47137745974955275,False,0.0,99.97,NO_ALERT,MONITOR,DATA_OK,reliable
48,44,0.00019753075298170332,0.44331841122828025,0.4293381037567084,False,0.0,99.98,NO_ALERT,MONITOR,DATA_OK,reliable
48,45,0.00030605645015875296,0.4488850262087883,0.5067084078711985,False,0.0,99.97,NO_ALERT,MONITOR,DATA_OK,reliable
48,46,0.00048679961594539777,0.4450752975453571,0.4516994633273703,False,0.0,99.95,NO_ALERT,MONITOR,DATA_OK,reliable
48,47,0.00044942328420966254,0.4303899788872294,0.24821109123434704,False,0.0,99.96,NO_ALERT,MONITOR,DATA_OK,reliable
48,48,0.0002691485743161659,0.44553176697548197,0.45796064400715564,False,0.0,99.97,NO_ALERT,MONITOR,DATA_OK,reliable
48,49,0.00016826485874856797,0.46511049734134047,0.6762075134168157,False,0.0,99.98,NO_ALERT,MONITOR,DATA_OK,reliable
48,50,0.00028705816552798875,0.4235048074950504,0.1547406082289803,False,0.0,99.97,NO_ALERT,MONITOR,DATA_OK,reliable
48,51,0.0002284322322769048,0.46748855993867877,0.6976744186046512,False,0.0,99.98,NO_ALERT,MONITOR,DATA_OK,reliable
48,52,0.00023571880199387392,0.44524234418275194,0.4525939177101968,False,0.0,99.98,NO_ALERT,MONITOR,DATA_OK,reliable
48,53,0.00024039133095233122,0.4480461865531955,0.49552772808586765,False,0.0,99.98,NO_ALERT,MONITOR,DATA_OK,reliable
48,54,0.0002482739791094433,0.4594576161101605,0.6319320214669052,False,0.0,99.98,NO_ALERT,MONITOR,DATA_OK,reliable
48,55,0.00039936160501523527,0.4388719899716557,0.36583184257602863,False,0.0,99.96,NO_ALERT,MONITOR,DATA_OK,reliable
48,56,0.0003214767464901309,0.4426534957940739,0.4186046511627907,False,0.0,99.97,NO_ALERT,MONITOR,DATA_OK,reliable
48,57,0.0003626969574888128,0.43798964710864546,0.35107334525939177,False,0.0,99.96,NO_ALERT,MONITOR,DATA_OK,reliable
48,58,0.0005186430731454223,0.44788222130664135,0.4932915921288014,False,0.0,99.95,NO_ALERT,MONITOR,DATA_OK,reliable
48,59,0.0003915133924113281,0.45062116645795447,0.5295169946332737,False,0.0,99.96,NO_ALERT,MONITOR,DATA_OK,reliable
48,60,0.0007080254039935699,0.44870110991367335,0.5049194991055456,False,0.0,99.93,NO_ALERT,MONITOR,DATA_OK,reliable
48,61,0.0006056389357037725,0.431744573182786,0.26610017889087656,False,0.0,99.94,NO_ALERT,MONITOR,DATA_OK,reliable
48,62,0.00033737277219963443,0.4442223470617689,0.4405187835420394,False,0.0,99.97,NO_ALERT,MONITOR,DATA_OK,reliable
48,63,0.0003119388997964443,0.4603689390650653,0.6372987477638641,False,0.0,99.97,NO_ALERT,MONITOR,DATA_OK,reliable
48,64,0.00023310518145964188,0.44831053227927553,0.4986583184257603,False,0.0,99.98,NO_ALERT,MONITOR,DATA_OK,reliable
48,65,0.0001136464945429798,0.4613386639930093,0.644901610017889,False,0.0,99.99,NO_ALERT,MONITOR,DATA_OK,reliable
48,66,0.00017693861826675875,0.46559112340665565,0.6793381037567084,False,0.0,99.98,NO_ALERT,MONITOR,DATA_OK,reliable
48,67,0.0003534595397887751,0.42276610407806736,0.14534883720930233,False,0.0,99.96,NO_ALERT,MONITOR,DATA_OK,reliable
48,68,0.00030923084103129676,0.43731946342366756,0.34033989266547404,False,0.0,99.97,NO_ALERT,MONITOR,DATA_OK,reliable
48,69,0.00030947913801710315,0.4279398232264395,0.2169051878354204,False,0.0,99.97,NO_ALERT,MONITOR,DATA_OK,reliable
48,70,0.00019797019297556218,0.46521200890236625,0.6771019677996423,False,0.0,99.98,NO_ALERT,MONITOR,DATA_OK,reliable
48,71,0.0003521180319103898,0.454518892690682,0.5715563506261181,False,0.0,99.96,NO_ALERT,MONITOR,DATA_OK,reliable
48,72,0.0003662013966990784,0.4374518087623292,0.3434704830053667,False,0.0,99.96,NO_ALERT,MONITOR,DATA_OK,reliable
48,73,0.00024553616886206845,0.44754634089173895,0.4883720930232558,False,0.0,99.98,NO_ALERT,MONITOR,DATA_OK,reliable
48,74,0.00037488507478906,0.44988074238770753,0.5223613595706619,False,0.0,99.96,NO_ALERT,MONITOR,DATA_OK,reliable
48,75,0.0002500978666470191,0.4359890486427437,0.3242397137745975,False,0.0,99.97,NO_ALERT,MONITOR,DATA_OK,reliable
48,76,0.00027278255551414174,0.45091199461744874,0.5322003577817531,False,0.0,99.97,NO_ALERT,MONITOR,DATA_OK,reliable
48,77,0.0002944637506328763,0.4433280150052463,0.42978533094812166,False,0.0,99.97,NO_ALERT,MONITOR,DATA_OK,reliable
48,78,0.000227777905992157,0.45737610759521896,0.6086762075134168,False,0.0,99.98,NO_ALERT,MONITOR,DATA_OK,reliable
48,79,0.00016959931900723826,0.433432888283731,0.28667262969588553,False,0.0,99.98,NO_ALERT,MONITOR,DATA_OK,reliable
48,80,0.00016729503326183323,0.4485087933377751,0.5,False,0.0,99.98,NO_ALERT,MONITOR,DATA_OK,reliable
48,81,0.00022234269581526063,0.44315888591028274,0.4271019677996422,False,0.0,99.98,NO_ALERT,MONITOR,DATA_OK,reliable
48,82,0.00022869922998627082,0.45413470770143805,0.567531305903399,False,0.0,99.98,NO_ALERT,MONITOR,DATA_OK,reliable
48,83,0.00020084334462988371,0.44166707384484816,0.4007155635062612,False,0.0,99.98,NO_ALERT,MONITOR,DATA_OK,reliable
48,84,0.00023099865105401804,0.473467322588334,0.7415026833631485,False,0.0,99.98,NO_ALERT,MONITOR,DATA_OK,reliable
48,85,0.0002713683577678463,0.45984655336750246,0.6350626118067979,False,0.0,99.97,NO_ALERT,MONITOR,DATA_OK,reliable
48,86,0.0003226844799062818,0.4634306236594985,0.6636851520572451,False,0.0,99.97,NO_ALERT,MONITOR,DATA_OK,reliable
48,87,0.0002598695438579221,0.448035221399266,0.49552772808586765,False,0.0,99.97,NO_ALERT,MONITOR,DATA_OK,reliable
48,88,0.00031690919485808977,0.44764021641505025,0.48971377459749554,False,0.0,99.97,NO_ALERT,MONITOR,DATA_OK,reliable
48,89,0.00031383967248330434,0.43969968996306974,0.37656529516994636,False,0.0,99.97,NO_ALERT,MONITOR,DATA_OK,reliable
48,90,0.000290439215523661,0.4520060534097585,0.5460644007155635,False,0.0,99.97,NO_ALERT,MONITOR,DATA_OK,reliable
48,91,0.00034021881522868094,0.47031827077719557,0.7186940966010733,False,0.0,99.97,NO_ALERT,MONITOR,DATA_OK,reliable
48,92,0.0003272354602042289,0.44645951841488213,0.4754025044722719,False,0.0,99.97,NO_ALERT,MONITOR,DATA_OK,reliable
48,93,0.00036094374837280434,0.4581038158702663,0.6194096601073346,False,0.0,99.96,NO_ALERT,MONITOR,DATA_OK,reliable
48,94,0.00034898876947247565,0.46908016557412713,0.7097495527728086,False,0.0,99.97,NO_ALERT,MONITOR,DATA_OK,reliable
48,95,0.0003458189527337784,0.46817473661491243,0.7052772808586762,False,0.0,99.97,NO_ALERT,MONITOR,DATA_OK,reliable
48,96,0.00024363284739897646,0.4417169654185456,0.4020572450805009,False,0.0,99.98,NO_ALERT,MONITOR,DATA_OK,reliable
48,97,0.00017272899611836743,0.4896480875688537,0.8264758497316637,False,0.0,99.98,NO_ALERT,MONITOR,DATA_OK,reliable
48,98,0.0003094148482759871,0.4752174524221658,0.751788908765653,False,0.0,99.97,NO_ALERT,MONITOR,DATA_OK,reliable
48,99,0.0005485040948016184,0.478941808903027,0.7750447227191414,False,0.0,99.95,NO_ALERT,MONITOR,DATA_OK,reliable
48,100,0.0005184005266905938,0.46145801948019527,0.644901610017889,False,0.0,99.95,NO_ALERT,MONITOR,DATA_OK,reliable
48,101,0.0004088162696716987,0.48227615774184335,0.7942754919499105,False,0.0,99.96,NO_ALERT,MONITOR,DATA_OK,reliable
48,102,0.0003658003070750615,0.45088349780250203,0.5322003577817531,False,0.0,99.96,NO_ALERT,MONITOR,DATA_OK,reliable
48,103,0.0005319289332028897,0.457176043573172,0.6064400715563506,False,0.0,99.95,NO_ALERT,MONITOR,DATA_OK,reliable
48,104,0.00041256522560172696,0.4703875866560589,0.7195885509838998,False,0.0,99.96,NO_ALERT,MONITOR,DATA_OK,reliable
48,105,0.0003819871567760067,0.4841725861454573,0.8005366726296959,False,0.0,99.96,NO_ALERT,MONITOR,DATA_OK,reliable
48,106,0.0005872027112819588,0.47778851060890354,0.7674418604651163,False,0.0,99.94,NO_ALERT,MONITOR,DATA_OK,reliable
48,107,0.00046858571332449587,0.4651335462607232,0.6762075134168157,False,0.0,99.95,NO_ALERT,MONITOR,DATA_OK,reliable
48,108,0.000589278511399558,0.4677737744809804,0.6985688729874776,False,0.0,99.94,NO_ALERT,MONITOR,DATA_OK,reliable
48,109,0.0007044873872688361,0.474530051750498,0.7459749552772809,False,0.0,99.93,NO_ALERT,MONITOR,DATA_OK,reliable
48,110,0.0007911387894149011,0.47300644537379155,0.7379248658318426,False,0.0,99.92,NO_ALERT,MONITOR,DATA_OK,reliable
48,111,0.00035096720332178713,0.4856196716986139,0.8085867620751341,False,0.0,99.96,NO_ALERT,MONITOR,DATA_OK,reliable
48,112,0.0003317647429493642,0.4818962516861507,0.7924865831842576,False,0.0,99.97,NO_ALERT,MONITOR,DATA_OK,reliable
48,113,0.000756694278378095,0.4679128327350187,0.7012522361359571,False,0.0,99.92,NO_ALERT,MONITOR,DATA_OK,reliable
48,114,0.00042134129883789826,0.462063623876341,0.6511627906976745,False,0.0,99.96,NO_ALERT,MONITOR,DATA_OK,reliable
48,115,0.0005276490858850739,0.47907966551088227,0.7759391771019678,False,0.0,99.95,NO_ALERT,MONITOR,DATA_OK,reliable
48,116,0.0004056741683164305,0.5010968590024153,0.8738819320214669,False,0.0,99.96,NO_ALERT,MONITOR,DATA_OK,reliable
48,117,0.0005899421708574739,0.4642213426710358,0.669051878354204,False,0.0,99.94,NO_ALERT,MONITOR,DATA_OK,reliable
48,118,0.0012741593475170685,0.4845920627148864,0.8023255813953488,False,0.0,99.87,NO_ALERT,MONITOR,DATA_OK,reliable
48,119,0.0007350049643447212,0.4791957411188622,0.7777280858676208,False,0.0,99.93,NO_ALERT,MONITOR,DATA_OK,reliable
48,120,0.0009298151112012478,0.4516497218757874,0.5415921288014311,False,0.0,99.91,NO_ALERT,MONITOR,DATA_OK,reliable
48,121,0.0008881663023806823,0.462501546400417,0.6542933810375671,False,0.0,99.91,NO_ALERT,MONITOR,DATA_OK,reliable
48,122,0.0005439616961322384,0.47032446032926783,0.7186940966010733,False,0.0,99.95,NO_ALERT,MONITOR,DATA_OK,reliable
48,123,0.00041053424949284733,0.47642072109737793,0.7607334525939177,False,0.0,99.96,NO_ALERT,MONITOR,DATA_OK,reliable
48,124,0.00040797298560828486,0.48071640309589725,0.7862254025044723,False,0.0,99.96,NO_ALERT,MONITOR,DATA_OK,reliable
48,125,0.0002550421978880074,0.4827532457255069,0.7956171735241503,False,0.0,99.97,NO_ALERT,MONITOR,DATA_OK,reliable
48,126,0.00024382682869469624,0.48150522570259285,0.789355992844365,False,0.0,99.98,NO_ALERT,MONITOR,DATA_OK,reliable
48,127,0.00066211244127925,0.48960455848570966,0.8264758497316637,False,0.0,99.93,NO_ALERT,MONITOR,DATA_OK,reliable
48,128,0.0010096574941996918,0.48943641387660186,0.8255813953488372,False,0.0,99.9,NO_ALERT,MONITOR,DATA_OK,reliable
48,129,0.000535054708837375,0.4838776031574619,0.7996422182468694,False,0.0,99.95,NO_ALERT,MONITOR,DATA_OK,reliable
48,130,0.00037814064055011665,0.501836183072019,0.877906976744186,False,0.0,99.96,NO_ALERT,MONITOR,DATA_OK,reliable
48,131,0.00047633044135815295,0.4849179742018059,0.8036672629695886,False,0.0,99.95,NO_ALERT,MONITOR,DATA_OK,reliable
48,132,0.0008223928724996193,0.4941195344456898,0.8430232558139535,False,0.0,99.92,NO_ALERT,MONITOR,DATA_OK,reliable
48,133,0.0007809693318448934,0.49573237121617325,0.8510733452593918,False,0.0,99.92,NO_ALERT,MONITOR,DATA_OK,reliable
48,134,0.000599420378231305,0.49297903563594603,0.8372093023255814,False,0.0,99.94,NO_ALERT,MONITOR,DATA_OK,reliable
48,135,0.0008757236948803102,0.5087662726676323,0.9011627906976745,False,0.0,99.91,NO_ALERT,MONITOR,DATA_OK,reliable
48,136,0.0007625815744685342,0.4871907850844135,0.8152951699463328,False,0.0,99.92,NO_ALERT,MONITOR,DATA_OK,reliable
48,137,0.0005303315119545513,0.480447793413773,0.7853309481216458,False,0.0,99.95,NO_ALERT,MONITOR,DATA_OK,reliable
48,138,0.0005919392348713382,0.48927557821136697,0.8242397137745975,False,0.0,99.94,NO_ALERT,MONITOR,DATA_OK,reliable
48,139,0.0007979028623302974,0.48264206909717283,0.7951699463327371,False,0.0,99.92,NO_ALERT,MONITOR,DATA_OK,reliable
48,140,0.0006054149417525992,0.48156355266464207,0.7898032200357782,False,0.0,99.94,NO_ALERT,MONITOR,DATA_OK,reliable
48,141,0.0006523982289965809,0.48952217923248037,0.8260286225402504,False,0.0,99.93,NO_ALERT,MONITOR,DATA_OK,reliable
48,142,0.00038568105510063,0.5162312917340762,0.919051878354204,False,0.0,99.96,NO_ALERT,MONITOR,DATA_OK,reliable
48,143,0.00032959377674209446,0.47895170329490366,0.7750447227191414,False,0.0,99.97,NO_ALERT,MONITOR,DATA_OK,reliable
48,144,0.0002775229246481151,0.5010251092052984,0.8729874776386404,False,0.0,99.97,NO_ALERT,MONITOR,DATA_OK,reliable
48,145,0.0002627913932258601,0.47988812130046177,0.7808586762075134,False,0.0,99.97,NO_ALERT,MONITOR,DATA_OK,reliable
48,146,0.00036216662489178646,0.5006039057245847,0.872093023255814,False,0.0,99.96,NO_ALERT,MONITOR,DATA_OK,reliable
48,147,0.000438672042464456,0.49540633884005003,0.8479427549194991,False,0.0,99.96,NO_ALERT,MONITOR,DATA_OK,reliable
48,148,0.0004138493905197034,0.4832814707803694,0.7978533094812165,False,0.0,99.96,NO_ALERT,MONITOR,DATA_OK,reliable
48,149,0.0008316121100797564,0.49380412093690956,0.8416815742397138,False,0.0,99.92,NO_ALERT,MONITOR,DATA_OK,reliable
48,150,0.00169461536616341,0.502658994780705,0.8805903398926654,False,0.0,99.83,NO_ALERT,MONITOR,DATA_OK,reliable
48,151,0.003270962658965019,0.49091923079710675,0.8313953488372093,False,0.0,99.67,NO_ALERT,MONITOR,DATA_OK,reliable
48,152,0.0018242552528133632,0.5178298839820469,0.9235241502683363,False,0.0,99.82,NO_ALERT,MONITOR,DATA_OK,reliable
48,153,0.0011600469040674503,0.5067376778343097,0.8940071556350626,False,0.0,99.88,NO_ALERT,MONITOR,DATA_OK,reliable
48,154,0.00064423620432487,0.48320065775144494,0.7978533094812165,False,0.0,99.94,NO_ALERT,MONITOR,DATA_OK,reliable
48,155,0.0007165775820462381,0.5117483667452658,0.9092128801431127,False,0.0,99.93,NO_ALERT,MONITOR,DATA_OK,reliable
48,156,0.001086139832006667,0.5089836681085121,0.9011627906976745,False,0.0,99.89,NO_ALERT,MONITOR,DATA_OK,reliable
48,157,0.001199049080757924,0.5066341348678541,0.8931127012522362,False,0.0,99.88,NO_ALERT,MONITOR,DATA_OK,reliable
48,158,0.0010411648505450088,0.5087548430119999,0.9011627906976745,False,0.0,99.9,NO_ALERT,MONITOR,DATA_OK,reliable
48,159,0.0010294166903059472,0.5029887635488569,0.8828264758497316,False,0.0,99.9,NO_ALERT,MONITOR,DATA_OK,reliable
48,160,0.001077290834576172,0.523209598579422,0.9333631484794276,False,0.0,99.89,NO_ALERT,MONITOR,DATA_OK,reliable
48,161,0.0006617521008845801,0.49784222202173684,0.8591234347048301,False,0.0,99.93,NO_ALERT,MONITOR,DATA_OK,reliable
48,162,0.0009876913405730144,0.5048973825647637,0.8899821109123435,False,0.0,99.9,NO_ALERT,MONITOR,DATA_OK,reliable
48,163,0.000958990170645334,0.5126564510801671,0.909660107334526,False,0.0,99.9,NO_ALERT,MONITOR,DATA_OK,reliable
48,164,0.000904907441207062,0.5207055265197558,0.9297853309481217,False,0.0,99.91,NO_ALERT,MONITOR,DATA_OK,reliable
48,165,0.00082969250349794,0.5438630102915208,0.9588550983899821,False,0.0,99.92,NO_ALERT,MONITOR,DATA_OK,reliable
48,166,0.001299380669954567,0.4981440478493508,0.8600178890876565,False,0.0,99.87,NO_ALERT,MONITOR,DATA_OK,reliable
48,167,0.0011777097136792993,0.5271528352454095,0.9418604651162791,False,0.0,99.88,NO_ALERT,MONITOR,DATA_OK,reliable
48,168,0.000939813901084888,0.5022313096987263,0.879695885509839,False,0.0,99.91,NO_ALERT,MONITOR,DATA_OK,reliable
48,169,0.0016820230973239756,0.5250665175767398,0.9373881932021467,False,0.0,99.83,NO_ALERT,MONITOR,DATA_OK,reliable
48,170,0.0012868580479964084,0.54514507779947,0.960644007155635,False,0.0,99.87,NO_ALERT,MONITOR,DATA_OK,reliable
48,171,0.001897733391213876,0.538850184569174,0.9534883720930233,False,0.0,99.81,NO_ALERT,MONITOR,DATA_OK,reliable
48,172,0.0013191502026827313,0.5267858363628142,0.9418604651162791,False,0.0,99.87,NO_ALERT,MONITOR,DATA_OK,reliable
48,173,0.0018036306856974971,0.5442977624649409,0.9588550983899821,False,0.0,99.82,NO_ALERT,MONITOR,DATA_OK,reliable
48,174,0.001752121337828393,0.5353515930840653,0.9508050089445438,False,0.0,99.82,NO_ALERT,MONITOR,DATA_OK,reliable
48,175,0.004379354163401128,0.5266185944376521,0.9405187835420393,False,0.0,99.56,NO_ALERT,MONITOR,DATA_OK,reliable
48,176,0.003767139538913769,0.5122070542991243,0.9092128801431127,False,0.0,99.62,NO_ALERT,MONITOR,DATA_OK,reliable
48,177,0.006492224428830633,0.520259456912358,0.9297853309481217,False,0.0,99.35,NO_ALERT,MONITOR,DATA_OK,reliable
48,178,0.008472431328741089,0.5388792177103886,0.9534883720930233,False,0.0,99.15,NO_ALERT,MONITOR,DATA_OK,reliable
48,179,0.006954073830311533,0.5163182765550598,0.9194991055456172,False,0.0,99.3,NO_ALERT,MONITOR,DATA_OK,reliable
48,180,0.0063420132488723035,0.5205454112853305,0.9297853309481217,False,0.0,99.37,NO_ALERT,MONITOR,DATA_OK,reliable
48,181,0.006575464207457872,0.5313668151940015,0.9467799642218246,False,0.0,99.34,NO_ALERT,MONITOR,DATA_OK,reliable
48,182,0.004943768482317627,0.5257683420088322,0.9387298747763864,False,0.0,99.51,NO_ALERT,MONITOR,DATA_OK,reliable
48,183,0.0033475918690746105,0.5406017002783713,0.9552772808586762,False,0.0,99.67,NO_ALERT,MONITOR,DATA_OK,reliable
48,184,0.005320552331145765,0.5291287960151698,0.9449910554561717,False,0.0,99.47,NO_ALERT,MONITOR,DATA_OK,reliable
48,185,0.006584969170187442,0.537978566209008,0.9530411449016101,False,0.0,99.34,NO_ALERT,MONITOR,DATA_OK,reliable
48,186,0.0051833134986013895,0.516269245804369,0.919051878354204,False,0.0,99.48,NO_ALERT,MONITOR,DATA_OK,reliable
48,187,0.012671346735103839,0.5315745906122092,0.9467799642218246,False,0.0,98.73,NO_ALERT,MONITOR,DATA_OK,reliable
48,188,0.08711632676380546,0.5318287473320932,0.9467799642218246,False,0.0,91.29,NO_ALERT,INSPECT,DATA_OK,reliable
48,189,0.027398653088971634,0.5410482820873642,0.9561717352415027,False,0.0,97.26,NO_ALERT,MONITOR,DATA_OK,reliable
48,190,0.020449953254478567,0.5466410944944232,0.9628801431127012,False,0.0,97.96,NO_ALERT,MONITOR,DATA_OK,reliable
48,191,0.03414980976448528,0.5676800660255735,0.9838998211091234,True,0.19499105545617273,90.94,NO_ALERT,INSPECT,DATA_OK,reliable
48,192,0.031122918548503534,0.559918184354916,0.9771914132379249,False,0.0,96.89,NO_ALERT,MONITOR,DATA_OK,reliable
48,193,0.023596829230943077,0.5612544501855765,0.9771914132379249,False,0.0,97.64,NO_ALERT,MONITOR,DATA_OK,reliable
48,194,0.07091927098804174,0.5857806008431575,0.9955277280858676,True,0.7763864042933826,71.27,NO_ALERT,INSPECT,DATA_OK,reliable
48,195,0.08856165089969491,0.5640628347418711,0.9798747763864043,False,0.0,91.14,NO_ALERT,INSPECT,DATA_OK,reliable
48,196,0.04408422663855335,0.5755922127197467,0.9892665474060823,True,0.463327370304117,82.3,NO_ALERT,INSPECT,DATA_OK,reliable
48,197,0.14565642284292085,0.5801503362295298,0.9923971377459749,True,0.619856887298747,69.55,ALERT,SCHEDULE MAINTENANCE,DATA_OK,reliable
48,198,0.11018906324154455,0.5854574683194337,0.9950805008944544,True,0.7540250447227219,68.85,ALERT,SCHEDULE MAINTENANCE,DATA_OK,reliable
48,199,0.3043226900691282,0.6069472971374772,0.9995527728085868,True,0.9776386404293393,49.16,ALERT,SCHEDULE MAINTENANCE,DATA_OK,reliable
48,200,0.4004413493438463,0.591696948073673,0.9964221824686941,True,0.8211091234347038,45.19,ALERT,SCHEDULE MAINTENANCE,DATA_OK,reliable
48,201,0.53542697962508,0.5936793243483637,0.9973166368515206,True,0.8658318425760306,34.39,ALERT,SCHEDULE MAINTENANCE,DATA_OK,reliable
48,202,0.5212780216685724,0.5751228877028214,0.9892665474060823,True,0.463327370304117,41.22,ALERT,SCHEDULE MAINTENANCE,DATA_OK,reliable
48,203,0.5947687868518542,0.6076974839614855,0.9995527728085868,True,0.9776386404293393,28.64,ALERT,SCHEDULE MAINTENANCE,DATA_OK,reliable
48,204,0.6424209649460958,0.6165324044440225,1.0,True,1.0,25.03,ALERT,SCHEDULE MAINTENANCE,DATA_OK,reliable
48,205,0.6143866375215284,0.6088014802384152,0.9995527728085868,True,0.9776386404293393,27.25,ALERT,SCHEDULE MAINTENANCE,DATA_OK,reliable
48,206,0.6836771483868206,0.6198813251902098,1.0,True,1.0,22.14,ALERT,URGENT REVIEW,DATA_OK,reliable
48,207,0.6964633250428537,0.6175768075719197,1.0,True,1.0,21.25,ALERT,URGENT REVIEW,DATA_OK,reliable
48,208,0.8340248576075738,0.6070551735721633,0.9995527728085868,True,0.9776386404293393,11.73,ALERT,URGENT REVIEW,DATA_OK,reliable
48,209,0.8715792048775176,0.6448056983834862,1.0,True,1.0,8.99,ALERT,URGENT REVIEW,DATA_OK,reliable
48,210,0.8316520693843245,0.6374638407050025,1.0,True,1.0,11.78,ALERT,URGENT REVIEW,DATA_OK,reliable
48,211,0.8801378312108988,0.6513819344609407,1.0,True,1.0,8.39,ALERT,URGENT REVIEW,DATA_OK,reliable
48,212,0.8405618698757422,0.6569542691707231,1.0,True,1.0,11.16,ALERT,URGENT REVIEW,DATA_OK,reliable
48,213,0.8506121747804771,0.649003642087418,1.0,True,1.0,10.46,ALERT,URGENT REVIEW,DATA_OK,reliable
48,214,0.8512655283446964,0.6579089226725888,1.0,True,1.0,10.41,ALERT,URGENT REVIEW,DATA_OK,reliable
48,215,0.8642237524260917,0.678808838496882,1.0,True,1.0,9.5,ALERT,URGENT REVIEW,DATA_OK,reliable
48,216,0.8625863071197406,0.6648706468425445,1.0,True,1.0,9.62,ALERT,URGENT REVIEW,DATA_OK,reliable
48,217,0.8494209813568915,0.6641845079017096,1.0,True,1.0,10.54,ALERT,URGENT REVIEW,DATA_OK,reliable
48,218,0.8543273257200056,0.6619887184225886,1.0,True,1.0,10.2,ALERT,URGENT REVIEW,DATA_OK,reliable
48,219,0.9326149059839381,0.6866280892062435,1.0,True,1.0,4.72,ALERT,URGENT REVIEW,DATA_OK,reliable
48,220,0.9304249081396194,0.675120737960221,1.0,True,1.0,4.87,ALERT,URGENT REVIEW,DATA_OK,reliable
48,221,0.9444744425502222,0.6841576488742014,1.0,True,1.0,3.89,ALERT,URGENT REVIEW,DATA_OK,reliable
48,222,0.9524870509040573,0.6935138382495494,1.0,True,1.0,3.33,ALERT,URGENT REVIEW,DATA_OK,reliable
48,223,0.9680905864631331,0.6901077623248584,1.0,True,1.0,2.23,ALERT,URGENT REVIEW,DATA_OK,reliable
48,224,0.9721677460508201,0.6891204102487858,1.0,True,1.0,1.95,ALERT,URGENT REVIEW,DATA_OK,reliable
48,225,0.9737599595067706,0.6849213029325678,1.0,True,1.0,1.84,ALERT,URGENT REVIEW,DATA_OK,reliable
48,226,0.9768933150529812,0.6840111542511816,1.0,True,1.0,1.62,ALERT,URGENT REVIEW,DATA_OK,reliable
48,227,0.9772780882864026,0.6934866595660814,1.0,True,1.0,1.59,ALERT,URGENT REVIEW,DATA_OK,reliable
48,228,0.9884229460206565,0.6945367977573627,1.0,True,1.0,0.81,ALERT,URGENT REVIEW,DATA_OK,reliable
48,229,0.9880297004885658,0.698181804495158,1.0,True,1.0,0.84,ALERT,URGENT REVIEW,DATA_OK,reliable
48,230,0.9872196787410763,0.7101292587670797,1.0,True,1.0,0.89,ALERT,URGENT REVIEW,DATA_OK,reliable
48,231,0.989324457393544,0.7179602056057885,1.0,True,1.0,0.75,ALERT,URGENT REVIEW,DATA_OK,reliable
70,1,0.00020449375489220792,0.4831317672078851,0.7969588550983899,False,0.0,99.98,NO_ALERT,MONITOR,DATA_OK,reliable
70,2,0.0027924433908033566,0.4594199534662302,0.631484794275492,False,0.0,99.72,NO_ALERT,MONITOR,DATA_OK,reliable
70,3,0.000424507280307396,0.43844210000986544,0.3559928443649374,False,0.0,99.96,NO_ALERT,MONITOR,DATA_OK,reliable
70,4,0.00024224451269567662,0.42750676261045756,0.21064400715563505,False,0.0,99.98,NO_ALERT,MONITOR,DATA_OK,reliable
70,5,0.00025251154884394053,0.42745236321898455,0.2101967799642218,False,0.0,99.97,NO_ALERT,MONITOR,DATA_OK,reliable
70,6,0.0003365707577136877,0.4088923224578417,0.029069767441860465,False,0.0,99.97,NO_ALERT,MONITOR,DATA_OK,reliable
70,7,0.00037507550514141193,0.4281036387754138,0.21869409660107333,False,0.0,99.96,NO_ALERT,MONITOR,DATA_OK,reliable
70,8,0.00023949120307541644,0.4086498900824791,0.028622540250447227,False,0.0,99.98,NO_ALERT,MONITOR,DATA_OK,reliable
70,9,0.00029940222806227197,0.45026073180485576,0.526386404293381,False,0.0,99.97,NO_ALERT,MONITOR,DATA_OK,reliable
70,10,0.000286376499626338,0.43299399336071687,0.27996422182468694,False,0.0,99.97,NO_ALERT,MONITOR,DATA_OK,reliable
70,11,0.00032536292636805897,0.4291066537957709,0.2334525939177102,False,0.0,99.97,NO_ALERT,MONITOR,DATA_OK,reliable
70,12,0.00039999581745176556,0.43067389340283563,0.2522361359570662,False,0.0,99.96,NO_ALERT,MONITOR,DATA_OK,reliable
70,13,0.0002982028312622166,0.4327518435560318,0.27772808586762077,False,0.0,99.97,NO_ALERT,MONITOR,DATA_OK,reliable
70,14,0.0003864504776621802,0.4274220438874669,0.20974955277280857,False,0.0,99.96,NO_ALERT,MONITOR,DATA_OK,reliable
70,15,0.0005154409573061554,0.41751383824781013,0.09033989266547406,False,0.0,99.95,NO_ALERT,MONITOR,DATA_OK,reliable
70,16,0.0004385993768879464,0.43008502787741415,0.24508050089445438,False,0.0,99.96,NO_ALERT,MONITOR,DATA_OK,reliable
70,17,0.000774111661868999,0.4133750629179579,0.056797853309481214,False,0.0,99.92,NO_ALERT,MONITOR,DATA_OK,reliable
70,18,0.0008634938302961924,0.4296264865341476,0.24105545617173524,False,0.0,99.91,NO_ALERT,MONITOR,DATA_OK,reliable
70,19,0.0006994351623236703,0.40315914602953784,0.0129695885509839,False,0.0,99.93,NO_ALERT,MONITOR,DATA_OK,reliable
70,20,0.0003114624224999024,0.41257576994942374,0.04964221824686941,False,0.0,99.97,NO_ALERT,MONITOR,DATA_OK,reliable
70,21,0.00023028629021382485,0.3987280106085427,0.0031305903398926656,False,0.0,99.98,NO_ALERT,MONITOR,DATA_OK,reliable
70,22,0.00027172372016837977,0.41860496459156243,0.1037567084078712,False,0.0,99.97,NO_ALERT,MONITOR,DATA_OK,reliable
70,23,0.00041772729450108563,0.44088007312688254,0.38998211091234347,False,0.0,99.96,NO_ALERT,MONITOR,DATA_OK,reliable
70,24,0.0002118645368826856,0.41736560619150453,0.08810375670840787,False,0.0,99.98,NO_ALERT,MONITOR,DATA_OK,reliable
70,25,0.00021898871869503413,0.42155944238758847,0.13372093023255813,False,0.0,99.98,NO_ALERT,MONITOR,DATA_OK,reliable
70,26,0.0003731089012655602,0.4335276833276931,0.2880143112701252,False,0.0,99.96,NO_ALERT,MONITOR,DATA_OK,reliable
70,27,0.00047519825134792525,0.405519087684075,0.017889087656529516,False,0.0,99.95,NO_ALERT,MONITOR,DATA_OK,reliable
70,28,0.00046029503127548394,0.4472169508943163,0.4847942754919499,False,0.0,99.95,NO_ALERT,MONITOR,DATA_OK,reliable
70,29,0.000645118900917374,0.41509735608414405,0.07110912343470482,False,0.0,99.94,NO_ALERT,MONITOR,DATA_OK,reliable
70,30,0.0008672297590103049,0.4159671060362384,0.07647584973166369,False,0.0,99.91,NO_ALERT,MONITOR,DATA_OK,reliable
70,31,0.0004369508540157579,0.4308514145828757,0.25536672629695883,False,0.0,99.96,NO_ALERT,MONITOR,DATA_OK,reliable
70,32,0.0004148379952119471,0.424055000677639,0.167262969588551,False,0.0,99.96,NO_ALERT,MONITOR,DATA_OK,reliable
70,33,0.0003109461513358338,0.4531007000194095,0.5585867620751341,False,0.0,99.97,NO_ALERT,MONITOR,DATA_OK,reliable
70,34,0.00040071512547969467,0.41529638459605744,0.07245080500894455,False,0.0,99.96,NO_ALERT,MONITOR,DATA_OK,reliable
70,35,0.0004868515140945568,0.4142709610870919,0.06395348837209303,False,0.0,99.95,NO_ALERT,MONITOR,DATA_OK,reliable
70,36,0.00022406772937612118,0.42280980388219436,0.14534883720930233,False,0.0,99.98,NO_ALERT,MONITOR,DATA_OK,reliable
70,37,0.00020739606171533054,0.4211346814900419,0.129695885509839,False,0.0,99.98,NO_ALERT,MONITOR,DATA_OK,reliable
70,38,0.0004690873681159562,0.4322003682530836,0.2696779964221825,False,0.0,99.95,NO_ALERT,MONITOR,DATA_OK,reliable
70,39,0.00028272423155499294,0.42424332785809393,0.16905187835420393,False,0.0,99.97,NO_ALERT,MONITOR,DATA_OK,reliable
70,40,0.00040847274902236714,0.410449419209582,0.03398926654740608,False,0.0,99.96,NO_ALERT,MONITOR,DATA_OK,reliable
70,41,0.0003171492443416133,0.41341449615678105,0.056797853309481214,False,0.0,99.97,NO_ALERT,MONITOR,DATA_OK,reliable
70,42,0.00020481107024783018,0.41540394478815457,0.07245080500894455,False,0.0,99.98,NO_ALERT,MONITOR,DATA_OK,reliable
70,43,0.00021328162449722174,0.41969365948376736,0.11538461538461539,False,0.0,99.98,NO_ALERT,MONITOR,DATA_OK,reliable
70,44,0.00017672999740842455,0.39000068640414337,0.0,False,0.0,99.98,NO_ALERT,MONITOR,DATA_OK,reliable
70,45,0.0002089167464402744,0.4211951615934783,0.13014311270125223,False,0.0,99.98,NO_ALERT,MONITOR,DATA_OK,reliable
70,46,0.00029756158759202897,0.424687322764658,0.17486583184257604,False,0.0,99.97,NO_ALERT,MONITOR,DATA_OK,reliable
70,47,0.000460720892195734,0.42707169985506854,0.20706618962432916,False,0.0,99.95,NO_ALERT,MONITOR,DATA_OK,reliable
70,48,0.0003645856850254818,0.39958289013754406,0.0031305903398926656,False,0.0,99.96,NO_ALERT,MONITOR,DATA_OK,reliable
70,49,0.000538441476733038,0.41741474072116713,0.0885509838998211,False,0.0,99.95,NO_ALERT,MONITOR,DATA_OK,reliable
70,50,0.00029937701286294864,0.41257440484117774,0.04964221824686941,False,0.0,99.97,NO_ALERT,MONITOR,DATA_OK,reliable
70,51,0.00034544999763874446,0.4170856272487552,0.08586762075134168,False,0.0,99.97,NO_ALERT,MONITOR,DATA_OK,reliable
70,52,0.00025576338234102364,0.416200247788348,0.07826475849731664,False,0.0,99.97,NO_ALERT,MONITOR,DATA_OK,reliable
70,53,0.00016432975029956657,0.43155652197057137,0.2629695885509839,False,0.0,99.98,NO_ALERT,MONITOR,DATA_OK,reliable
70,54,0.00015292411462317285,0.4170589730299309,0.08586762075134168,False,0.0,99.98,NO_ALERT,MONITOR,DATA_OK,reliable
70,55,0.0002065881617262481,0.41856970724740933,0.10330948121645796,False,0.0,99.98,NO_ALERT,MONITOR,DATA_OK,reliable
70,56,0.00020248230258654792,0.40436117680057065,0.016100178890876567,False,0.0,99.98,NO_ALERT,MONITOR,DATA_OK,reliable
70,57,0.0003233956648667712,0.4185543409055561,0.10330948121645796,False,0.0,99.97,NO_ALERT,MONITOR,DATA_OK,reliable
70,58,0.0006259084477143158,0.438255241640091,0.35330948121645794,False,0.0,99.94,NO_ALERT,MONITOR,DATA_OK,reliable
70,59,0.0006388211969841567,0.40329943956267383,0.013416815742397137,False,0.0,99.94,NO_ALERT,MONITOR,DATA_OK,reliable
70,60,0.0007660023352802372,0.43739551294309253,0.342128801431127,False,0.0,99.92,NO_ALERT,MONITOR,DATA_OK,reliable
70,61,0.0003262799902915689,0.43433331946644016,0.30143112701252234,False,0.0,99.97,NO_ALERT,MONITOR,DATA_OK,reliable
70,62,0.00042002021858047816,0.4192231061410678,0.11046511627906977,False,0.0,99.96,NO_ALERT,MONITOR,DATA_OK,reliable
70,63,0.0005099963659169673,0.4358452562450257,0.3206618962432916,False,0.0,99.95,NO_ALERT,MONITOR,DATA_OK,reliable
70,64,0.000565211235939507,0.4414031327974337,0.39713774597495527,False,0.0,99.94,NO_ALERT,MONITOR,DATA_OK,reliable
70,65,0.00021706310287816527,0.4228281633999765,0.14579606440071557,False,0.0,99.98,NO_ALERT,MONITOR,DATA_OK,reliable
70,66,0.0007196563007541043,0.4276967522933055,0.21288014311270126,False,0.0,99.93,NO_ALERT,MONITOR,DATA_OK,reliable
70,67,0.0003855252725629951,0.42586148624755943,0.1851520572450805,False,0.0,99.96,NO_ALERT,MONITOR,DATA_OK,reliable
70,68,0.00027430580208416056,0.423890770379101,0.16323792486583183,False,0.0,99.97,NO_ALERT,MONITOR,DATA_OK,reliable
70,69,0.00018120711635452605,0.44850644247772736,0.5,False,0.0,99.98,NO_ALERT,MONITOR,DATA_OK,reliable
70,70,0.0003151569410452191,0.44599535878411006,0.46958855098389984,False,0.0,99.97,NO_ALERT,MONITOR,DATA_OK,reliable
70,71,0.0001288209121612059,0.4327579048005363,0.27772808586762077,False,0.0,99.99,NO_ALERT,MONITOR,DATA_OK,reliable
70,72,0.00033744632029558734,0.4456703896416979,0.4610912343470483,False,0.0,99.97,NO_ALERT,MONITOR,DATA_OK,reliable
70,73,0.000554402106072318,0.47632743782337444,0.7602862254025045,False,0.0,99.94,NO_ALERT,MONITOR,DATA_OK,reliable
70,74,0.0005577283928574008,0.45855953572335423,0.6247763864042933,False,0.0,99.94,NO_ALERT,MONITOR,DATA_OK,reliable
70,75,0.00032996420073657366,0.451480133444629,0.5389087656529516,False,0.0,99.97,NO_ALERT,MONITOR,DATA_OK,reliable
70,76,0.0003748782131019293,0.44724266848627725,0.48524150268336314,False,0.0,99.96,NO_ALERT,MONITOR,DATA_OK,reliable
70,77,0.00029234578528158017,0.4477237409677677,0.49016100178890876,False,0.0,99.97,NO_ALERT,MONITOR,DATA_OK,reliable
70,78,0.00022494564620782336,0.4723044355169995,0.7338998211091234,False,0.0,99.98,NO_ALERT,MONITOR,DATA_OK,reliable
70,79,0.0002407576225348612,0.4507552850546707,0.5313059033989267,False,0.0,99.98,NO_ALERT,MONITOR,DATA_OK,reliable
70,80,0.00019007985842434106,0.4534141452848618,0.5603756708407871,False,0.0,99.98,NO_ALERT,MONITOR,DATA_OK,reliable
70,81,0.00017910046248920906,0.4448285361340213,0.4481216457960644,False,0.0,99.98,NO_ALERT,MONITOR,DATA_OK,reliable
70,82,0.00017838618276964978,0.476831840730326,0.7629695885509838,False,0.0,99.98,NO_ALERT,MONITOR,DATA_OK,reliable
70,83,0.0003326151483573061,0.4552315089162555,0.5849731663685152,False,0.0,99.97,NO_ALERT,MONITOR,DATA_OK,reliable
70,84,0.0006218190324152688,0.45336428129475936,0.5603756708407871,False,0.0,99.94,NO_ALERT,MONITOR,DATA_OK,reliable
70,85,0.0007052265953485652,0.4544522101946338,0.5711091234347049,False,0.0,99.93,NO_ALERT,MONITOR,DATA_OK,reliable
70,86,0.0007562116432481924,0.4649922530643143,0.6753130590339893,False,0.0,99.92,NO_ALERT,MONITOR,DATA_OK,reliable
70,87,0.0010299498166786273,0.46935305117648907,0.710644007155635,False,0.0,99.9,NO_ALERT,MONITOR,DATA_OK,reliable
70,88,0.0008200452146859988,0.48218202648347425,0.7938282647584973,False,0.0,99.92,NO_ALERT,MONITOR,DATA_OK,reliable
70,89,0.0007572214455199073,0.4606229654123015,0.6408765652951699,False,0.0,99.92,NO_ALERT,MONITOR,DATA_OK,reliable
70,90,0.00210785157568692,0.49581054332278424,0.8510733452593918,False,0.0,99.79,NO_ALERT,MONITOR,DATA_OK,reliable
70,91,0.0021067081519250326,0.48981346035014733,0.8269230769230769,False,0.0,99.79,NO_ALERT,MONITOR,DATA_OK,reliable
70,92,0.0032583900191871734,0.5142942674840547,0.9141323792486583,False,0.0,99.67,NO_ALERT,MONITOR,DATA_OK,reliable
70,93,0.0032576278743847065,0.5276628953942467,0.9427549194991055,False,0.0,99.67,NO_ALERT,MONITOR,DATA_OK,reliable
70,94,0.012321178391397635,0.522303654935223,0.932468694096601,False,0.0,98.77,NO_ALERT,MONITOR,DATA_OK,reliable
70,95,0.01221280742194497,0.526537837719732,0.9405187835420393,False,0.0,98.78,NO_ALERT,MONITOR,DATA_OK,reliable
70,96,0.006995660207554237,0.5688793326625302,0.9843470483005367,True,0.21735241502683336,92.83,NO_ALERT,INSPECT,DATA_OK,reliable
70,97,0.007041794797090535,0.5737372670553045,0.9883720930232558,True,0.41860465116279016,86.83,NO_ALERT,INSPECT,DATA_OK,reliable
70,98,0.021610328040455148,0.6002333509710903,0.998211091234347,True,0.9105545617173519,71.11,NO_ALERT,INSPECT,DATA_OK,reliable
70,99,0.026753983332163556,0.5965491859177223,0.9973166368515206,True,0.8658318425760306,72.04,NO_ALERT,INSPECT,DATA_OK,reliable
70,100,0.0366984712574526,0.6050560789135494,0.9991055456171736,True,0.9552772808586787,68.72,NO_ALERT,INSPECT,DATA_OK,reliable
70,101,0.038865185466214605,0.6093294297582271,0.9995527728085868,True,0.9776386404293393,67.92,NO_ALERT,INSPECT,DATA_OK,reliable
70,102,0.02166388504527317,0.6083726969755584,0.9995527728085868,True,0.9776386404293393,69.14,NO_ALERT,INSPECT,DATA_OK,reliable
70,103,0.055893307520619835,0.6209325474299586,1.0,True,1.0,66.09,NO_ALERT,INSPECT,DATA_OK,reliable
70,104,0.029181233455571606,0.6249700505583793,1.0,True,1.0,67.96,NO_ALERT,INSPECT,DATA_OK,reliable
70,105,0.029862546430636336,0.6068715488247873,0.9995527728085868,True,0.9776386404293393,68.56,NO_ALERT,INSPECT,DATA_OK,reliable
70,106,0.01991899065209643,0.6013406082391818,0.9986583184257602,True,0.9329159212880126,70.58,NO_ALERT,INSPECT,DATA_OK,reliable
70,107,0.03053907105061189,0.6207468138148259,1.0,True,1.0,67.86,NO_ALERT,INSPECT,DATA_OK,reliable
70,108,0.028902430061195725,0.6273926044200573,1.0,True,1.0,67.98,NO_ALERT,INSPECT,DATA_OK,reliable
70,109,0.02313815589956377,0.6401002069023283,1.0,True,1.0,68.38,NO_ALERT,INSPECT,DATA_OK,reliable
70,110,0.05574337778517268,0.65592553349426,1.0,True,1.0,66.1,NO_ALERT,INSPECT,DATA_OK,reliable
70,111,0.0353713264909845,0.6373019272540655,1.0,True,1.0,67.52,NO_ALERT,INSPECT,DATA_OK,reliable
70,112,0.09633080173955054,0.6644127858915923,1.0,True,1.0,63.26,NO_ALERT,INSPECT,DATA_OK,reliable
70,113,0.43481625089690606,0.673985422378615,1.0,True,1.0,39.56,ALERT,SCHEDULE MAINTENANCE,DATA_OK,reliable
70,114,0.3143008076178087,0.6720903651689171,1.0,True,1.0,48.0,ALERT,SCHEDULE MAINTENANCE,DATA_OK,reliable
70,115,0.48031503636358397,0.6904550888390016,1.0,True,1.0,36.38,ALERT,SCHEDULE MAINTENANCE,DATA_OK,reliable
70,116,0.35403314893544496,0.6693037886370607,1.0,True,1.0,45.22,ALERT,SCHEDULE MAINTENANCE,DATA_OK,reliable
70,117,0.2511077704044978,0.6812795715900463,1.0,True,1.0,52.42,ALERT,SCHEDULE MAINTENANCE,DATA_OK,reliable
70,118,0.256351336542568,0.6657576824675489,1.0,True,1.0,52.06,ALERT,SCHEDULE MAINTENANCE,DATA_OK,reliable
70,119,0.43773250565381017,0.6833014732263081,1.0,True,1.0,39.36,ALERT,SCHEDULE MAINTENANCE,DATA_OK,reliable
70,120,0.697802489278925,0.6910726935376502,1.0,True,1.0,21.15,ALERT,URGENT REVIEW,DATA_OK,reliable
70,121,0.772350406468804,0.7106903459935938,1.0,True,1.0,15.94,ALERT,URGENT REVIEW,DATA_OK,reliable
70,122,0.8313465986962634,0.6999090562122433,1.0,True,1.0,11.81,ALERT,URGENT REVIEW,DATA_OK,reliable
70,123,0.8416297695021817,0.698097598612599,1.0,True,1.0,11.09,ALERT,URGENT REVIEW,DATA_OK,reliable
70,124,0.9566086782243494,0.7108580758774922,1.0,True,1.0,3.04,ALERT,URGENT REVIEW,DATA_OK,reliable
70,125,0.9833011155611682,0.7044367454782717,1.0,True,1.0,1.17,ALERT,URGENT REVIEW,DATA_OK,reliable
70,126,0.987308889219944,0.7020251339184844,1.0,True,1.0,0.89,ALERT,URGENT REVIEW,DATA_OK,reliable
70,127,0.9862319832572563,0.6969691822308958,1.0,True,1.0,0.96,ALERT,URGENT REVIEW,DATA_OK,reliable
70,128,0.9831996256972122,0.7087226814943067,1.0,True,1.0,1.18,ALERT,URGENT REVIEW,DATA_OK,reliable
70,129,0.9779235480054748,0.712914586803722,1.0,True,1.0,1.55,ALERT,URGENT REVIEW,DATA_OK,reliable
70,130,0.9646059089908992,0.7195571658935058,1.0,True,1.0,2.48,ALERT,URGENT REVIEW,DATA_OK,reliable
70,131,0.9719121957125915,0.7102995603811504,1.0,True,1.0,1.97,ALERT,URGENT REVIEW,DATA_OK,reliable
70,132,0.9797241673399221,0.71598629474578,1.0,True,1.0,1.42,ALERT,URGENT REVIEW,DATA_OK,reliable
70,133,0.9797289061454273,0.7203690277719331,1.0,True,1.0,1.42,ALERT,URGENT REVIEW,DATA_OK,reliable
70,134,0.986003149874035,0.7180645327791363,1.0,True,1.0,0.98,ALERT,URGENT REVIEW,DATA_OK,reliable
70,135,0.9899539958533573,0.7137283833851571,1.0,True,1.0,0.7,ALERT,URGENT REVIEW,DATA_OK,reliable
70,136,0.9927100688562505,0.7211818056577896,1.0,True,1.0,0.51,ALERT,URGENT REVIEW,DATA_OK,reliable
70,137,0.990947194256044,0.7165866229776254,1.0,True,1.0,0.63,ALERT,URGENT REVIEW,DATA_OK,reliable
77,1,0.0008378765171780934,0.47791040974538485,0.7692307692307693,False,0.0,99.92,NO_ALERT,MONITOR,DATA_OK,reliable
77,2,0.005750276536778051,0.47989405645703664,0.7808586762075134,False,0.0,99.42,NO_ALERT,MONITOR,DATA_OK,reliable
77,3,0.0021252312072324356,0.4708879222480848,0.7231663685152058,False,0.0,99.79,NO_ALERT,MONITOR,DATA_OK,reliable
77,4,0.0009742272456133257,0.4334161783484503,0.28667262969588553,False,0.0,99.9,NO_ALERT,MONITOR,DATA_OK,reliable
77,5,0.0010096423634014273,0.44839005233271656,0.4991055456171735,False,0.0,99.9,NO_ALERT,MONITOR,DATA_OK,reliable
77,6,0.0004365769148157674,0.4353010985054813,0.31216457960644006,False,0.0,99.96,NO_ALERT,MONITOR,DATA_OK,reliable
77,7,0.0013822492334636214,0.4738957788967306,0.7432915921288015,False,0.0,99.86,NO_ALERT,MONITOR,DATA_OK,reliable
77,8,0.0007046643314631172,0.43113072823340365,0.2584973166368515,False,0.0,99.93,NO_ALERT,MONITOR,DATA_OK,reliable
77,9,0.00038775549519550726,0.4313981482730796,0.2616279069767442,False,0.0,99.96,NO_ALERT,MONITOR,DATA_OK,reliable
77,10,0.00048338981355168867,0.4457746237057241,0.46332737030411447,False,0.0,99.95,NO_ALERT,MONITOR,DATA_OK,reliable
77,11,0.0006730677970824625,0.4571382943864611,0.6064400715563506,False,0.0,99.93,NO_ALERT,MONITOR,DATA_OK,reliable
77,12,0.0002750362384311573,0.4434180372482389,0.43112701252236135,False,0.0,99.97,NO_ALERT,MONITOR,DATA_OK,reliable
77,13,0.0003133622294651969,0.4427003760986679,0.41949910554561715,False,0.0,99.97,NO_ALERT,MONITOR,DATA_OK,reliable
77,14,0.0004702688645636927,0.4355216085752963,0.31440071556350624,False,0.0,99.95,NO_ALERT,MONITOR,DATA_OK,reliable
77,15,0.0002766536002877609,0.430017283533872,0.24508050089445438,False,0.0,99.97,NO_ALERT,MONITOR,DATA_OK,reliable
77,16,0.00043670616790235367,0.46414486603300026,0.6681574239713775,False,0.0,99.96,NO_ALERT,MONITOR,DATA_OK,reliable
77,17,0.0004011932159945636,0.44213703709435903,0.41055456171735244,False,0.0,99.96,NO_ALERT,MONITOR,DATA_OK,reliable
77,18,0.00035685511492849966,0.4434590148611312,0.4315742397137746,False,0.0,99.96,NO_ALERT,MONITOR,DATA_OK,reliable
77,19,0.0002770030801737012,0.4436352946966174,0.4329159212880143,False,0.0,99.97,NO_ALERT,MONITOR,DATA_OK,reliable
77,20,0.0005653117794176525,0.44692722113596606,0.481216457960644,False,0.0,99.94,NO_ALERT,MONITOR,DATA_OK,reliable
77,21,0.0006421390813706468,0.4385152515831846,0.35778175313059035,False,0.0,99.94,NO_ALERT,MONITOR,DATA_OK,reliable
77,22,0.0005057918954290198,0.43383898405821714,0.29338103756708406,False,0.0,99.95,NO_ALERT,MONITOR,DATA_OK,reliable
77,23,0.0011930619730096974,0.46732191010544294,0.695438282647585,False,0.0,99.88,NO_ALERT,MONITOR,DATA_OK,reliable
77,24,0.000688477012060484,0.4464894429475641,0.4754025044722719,False,0.0,99.93,NO_ALERT,MONITOR,DATA_OK,reliable
77,25,0.0006471619744987108,0.4330834269166089,0.28041144901610016,False,0.0,99.94,NO_ALERT,MONITOR,DATA_OK,reliable
77,26,0.0005592180493150206,0.4473246798552687,0.4865831842576029,False,0.0,99.94,NO_ALERT,MONITOR,DATA_OK,reliable
77,27,0.0006394659727121265,0.429599110539311,0.2392665474060823,False,0.0,99.94,NO_ALERT,MONITOR,DATA_OK,reliable
77,28,0.00033371919622067063,0.433854105477562,0.29338103756708406,False,0.0,99.97,NO_ALERT,MONITOR,DATA_OK,reliable
77,29,0.0006102344614338709,0.43588619359775377,0.3211091234347048,False,0.0,99.94,NO_ALERT,MONITOR,DATA_OK,reliable
77,30,0.0005882616536393725,0.4378130498973227,0.3479427549194991,False,0.0,99.94,NO_ALERT,MONITOR,DATA_OK,reliable
77,31,0.0008264070072531959,0.45055299144635014,0.5286225402504472,False,0.0,99.92,NO_ALERT,MONITOR,DATA_OK,reliable
77,32,0.0003213521248791093,0.4271707587010865,0.20840787119856888,False,0.0,99.97,NO_ALERT,MONITOR,DATA_OK,reliable
77,33,0.0007489868436521071,0.4694571035588022,0.7119856887298748,False,0.0,99.93,NO_ALERT,MONITOR,DATA_OK,reliable
77,34,0.0006085846093727259,0.46697223427441314,0.6905187835420393,False,0.0,99.94,NO_ALERT,MONITOR,DATA_OK,reliable
77,35,0.0005319773307972375,0.5088074447117082,0.9011627906976745,False,0.0,99.95,NO_ALERT,MONITOR,DATA_OK,reliable
77,36,0.0006655313058201603,0.44260594722097363,0.41726296958855097,False,0.0,99.93,NO_ALERT,MONITOR,DATA_OK,reliable
77,37,0.00040113382603118597,0.4395274686689827,0.3743291592128801,False,0.0,99.96,NO_ALERT,MONITOR,DATA_OK,reliable
77,38,0.00037253197893572345,0.46094792798548984,0.6431127012522362,False,0.0,99.96,NO_ALERT,MONITOR,DATA_OK,reliable
77,39,0.0005241913167527139,0.46919762790867947,0.7097495527728086,False,0.0,99.95,NO_ALERT,MONITOR,DATA_OK,reliable
77,40,0.0005383869865891839,0.4558407855066023,0.5943649373881932,False,0.0,99.95,NO_ALERT,MONITOR,DATA_OK,reliable
77,41,0.0007356263833869805,0.4533287505083475,0.5599284436493739,False,0.0,99.93,NO_ALERT,MONITOR,DATA_OK,reliable
77,42,0.00039158465574369415,0.4484926116471191,0.5,False,0.0,99.96,NO_ALERT,MONITOR,DATA_OK,reliable
77,43,0.00029941259954021997,0.4139931485227579,0.0626118067978533,False,0.0,99.97,NO_ALERT,MONITOR,DATA_OK,reliable
77,44,0.00028748540399428906,0.438391505850032,0.3555456171735242,False,0.0,99.97,NO_ALERT,MONITOR,DATA_OK,reliable
77,45,0.0002606502302765102,0.43288126776473024,0.27951699463327373,False,0.0,99.97,NO_ALERT,MONITOR,DATA_OK,reliable
77,46,0.0001710643228903884,0.43157862501792277,0.2638640429338104,False,0.0,99.98,NO_ALERT,MONITOR,DATA_OK,reliable
77,47,0.0003165526149115449,0.4458213897195846,0.4646690518783542,False,0.0,99.97,NO_ALERT,MONITOR,DATA_OK,reliable
77,48,0.00044749855010658095,0.45725391673220367,0.6077817531305904,False,0.0,99.96,NO_ALERT,MONITOR,DATA_OK,reliable
77,49,0.0005862077407398894,0.43931967784001147,0.37298747763864043,False,0.0,99.94,NO_ALERT,MONITOR,DATA_OK,reliable
77,50,0.0003401906403987269,0.45086774998416285,0.5317531305903399,False,0.0,99.97,NO_ALERT,MONITOR,DATA_OK,reliable
77,51,0.0005511869887664261,0.4540077576839397,0.5661896243291592,False,0.0,99.94,NO_ALERT,MONITOR,DATA_OK,reliable
77,52,0.0006973099533399011,0.4514028537934908,0.537567084078712,False,0.0,99.93,NO_ALERT,MONITOR,DATA_OK,reliable
77,53,0.0005525023449199833,0.4459022459625998,0.4669051878354204,False,0.0,99.94,NO_ALERT,MONITOR,DATA_OK,reliable
77,54,0.0007410283519700112,0.4480923648036178,0.4964221824686941,False,0.0,99.93,NO_ALERT,MONITOR,DATA_OK,reliable
77,55,0.001089139081503559,0.45838003470120686,0.6234347048300537,False,0.0,99.89,NO_ALERT,MONITOR,DATA_OK,reliable
77,56,0.0010491911539604333,0.4412036042437241,0.3953488372093023,False,0.0,99.9,NO_ALERT,MONITOR,DATA_OK,reliable
77,57,0.0007288865054665401,0.43333060306747795,0.28577817531305905,False,0.0,99.93,NO_ALERT,MONITOR,DATA_OK,reliable
77,58,0.0008392338634376447,0.47199784531507266,0.7307692307692307,False,0.0,99.92,NO_ALERT,MONITOR,DATA_OK,reliable
77,59,0.0007413317018104385,0.46289162381897975,0.6569767441860465,False,0.0,99.93,NO_ALERT,MONITOR,DATA_OK,reliable
77,60,0.0005849821040812117,0.4710901653327788,0.723613595706619,False,0.0,99.94,NO_ALERT,MONITOR,DATA_OK,reliable
77,61,0.0008261198404306722,0.48584300522945706,0.8090339892665475,False,0.0,99.92,NO_ALERT,MONITOR,DATA_OK,reliable
77,62,0.0004890569328088169,0.44147418564185487,0.39803220035778175,False,0.0,99.95,NO_ALERT,MONITOR,DATA_OK,reliable
77,63,0.00048800018605357813,0.43809747405894495,0.35152057245080504,False,0.0,99.95,NO_ALERT,MONITOR,DATA_OK,reliable
77,64,0.0005622795615234926,0.4514788484493749,0.5389087656529516,False,0.0,99.94,NO_ALERT,MONITOR,DATA_OK,reliable
77,65,0.00050907336235607,0.43857665685272235,0.35822898032200357,False,0.0,99.95,NO_ALERT,MONITOR,DATA_OK,reliable
77,66,0.0005361386602911538,0.45524086834649286,0.5849731663685152,False,0.0,99.95,NO_ALERT,MONITOR,DATA_OK,reliable
77,67,0.0010722601931134983,0.4844869728980202,0.8014311270125224,False,0.0,99.89,NO_ALERT,MONITOR,DATA_OK,reliable
77,68,0.001546215253072052,0.4833079356715758,0.7978533094812165,False,0.0,99.85,NO_ALERT,MONITOR,DATA_OK,reliable
77,69,0.0026567436158410934,0.491572251005024,0.832737030411449,False,0.0,99.73,NO_ALERT,MONITOR,DATA_OK,reliable
77,70,0.0030037054341372584,0.4854365735295574,0.806350626118068,False,0.0,99.7,NO_ALERT,MONITOR,DATA_OK,reliable
77,71,0.0006211911951378377,0.4581474361588544,0.620304114490161,False,0.0,99.94,NO_ALERT,MONITOR,DATA_OK,reliable
77,72,0.001434080269398841,0.49070643773656697,0.830948121645796,False,0.0,99.86,NO_ALERT,MONITOR,DATA_OK,reliable
77,73,0.000651976315475935,0.4684529247967117,0.7061717352415027,False,0.0,99.93,NO_ALERT,MONITOR,DATA_OK,reliable
77,74,0.0012218336117180725,0.47269159951324524,0.7347942754919499,False,0.0,99.88,NO_ALERT,MONITOR,DATA_OK,reliable
77,75,0.0010718928042268133,0.48575419440134576,0.8090339892665475,False,0.0,99.89,NO_ALERT,MONITOR,DATA_OK,reliable
77,76,0.0009750950024871701,0.490752794020782,0.830948121645796,False,0.0,99.9,NO_ALERT,MONITOR,DATA_OK,reliable
77,77,0.0005566230564692934,0.4597921263079203,0.6346153846153846,False,0.0,99.94,NO_ALERT,MONITOR,DATA_OK,reliable
77,78,0.0004575228764942414,0.4839078085378567,0.7996422182468694,False,0.0,99.95,NO_ALERT,MONITOR,DATA_OK,reliable
77,79,0.0007703043460174519,0.46687261543690023,0.6905187835420393,False,0.0,99.92,NO_ALERT,MONITOR,DATA_OK,reliable
77,80,0.0029106416052387006,0.5030868088275167,0.8828264758497316,False,0.0,99.71,NO_ALERT,MONITOR,DATA_OK,reliable
77,81,0.002802688896556797,0.46746459900134923,0.6976744186046512,False,0.0,99.72,NO_ALERT,MONITOR,DATA_OK,reliable
77,82,0.0012249353024165134,0.47677347487804067,0.7629695885509838,False,0.0,99.88,NO_ALERT,MONITOR,DATA_OK,reliable
77,83,0.001141212148961013,0.49226605671453016,0.8358676207513417,False,0.0,99.89,NO_ALERT,MONITOR,DATA_OK,reliable
77,84,0.0012188950865006344,0.48342241270920694,0.7978533094812165,False,0.0,99.88,NO_ALERT,MONITOR,DATA_OK,reliable
77,85,0.0010529040982750002,0.4667745984723978,0.6905187835420393,False,0.0,99.89,NO_ALERT,MONITOR,DATA_OK,reliable
77,86,0.002270559607737957,0.5249380412338929,0.9373881932021467,False,0.0,99.77,NO_ALERT,MONITOR,DATA_OK,reliable
77,87,0.0024098884494645383,0.49090656136549754,0.830948121645796,False,0.0,99.76,NO_ALERT,MONITOR,DATA_OK,reliable
77,88,0.0033849205031714702,0.5125403960975794,0.9092128801431127,False,0.0,99.66,NO_ALERT,MONITOR,DATA_OK,reliable
77,89,0.004390136408744587,0.538129724301699,0.9530411449016101,False,0.0,99.56,NO_ALERT,MONITOR,DATA_OK,reliable
77,90,0.002093467672420369,0.47582550009642416,0.7580500894454383,False,0.0,99.79,NO_ALERT,MONITOR,DATA_OK,reliable
77,91,0.002275466042174956,0.5240598614402822,0.9351520572450805,False,0.0,99.77,NO_ALERT,MONITOR,DATA_OK,reliable
77,92,0.0031189212855785133,0.5057803329731645,0.8917710196779964,False,0.0,99.69,NO_ALERT,MONITOR,DATA_OK,reliable
77,93,0.003111312588017529,0.5307180829212692,0.9463327370304114,False,0.0,99.69,NO_ALERT,MONITOR,DATA_OK,reliable
77,94,0.0030438536317292943,0.550066102866917,0.9673524150268337,False,0.0,99.7,NO_ALERT,MONITOR,DATA_OK,reliable
77,95,0.03322124881002353,0.5722457076304255,0.9861359570661896,True,0.30679785330948145,87.78,NO_ALERT,INSPECT,DATA_OK,reliable
77,96,0.027884066083583906,0.5589226295205991,0.9762969588550984,False,0.0,97.21,NO_ALERT,MONITOR,DATA_OK,reliable
77,97,0.019751790024540035,0.5495460663583962,0.9669051878354203,False,0.0,98.02,NO_ALERT,MONITOR,DATA_OK,reliable
77,98,0.014868628509674289,0.5709087681473958,0.9852415026833632,True,0.2620751341681602,90.77,NO_ALERT,INSPECT,DATA_OK,reliable
77,99,0.15192834651912365,0.5834937814139215,0.9937388193202147,True,0.6869409660107345,67.33,ALERT,SCHEDULE MAINTENANCE,DATA_OK,reliable
77,100,0.01213272045689073,0.5635696463754803,0.9794275491949911,False,0.0,98.79,NO_ALERT,MONITOR,DATA_OK,reliable
77,101,0.022470098481743084,0.563791517995825,0.9794275491949911,False,0.0,97.75,NO_ALERT,MONITOR,DATA_OK,reliable
77,102,0.006065208322723175,0.543941508175885,0.9588550983899821,False,0.0,99.39,NO_ALERT,MONITOR,DATA_OK,reliable
77,103,0.008575749201198172,0.5599744804435225,0.9771914132379249,False,0.0,99.14,NO_ALERT,MONITOR,DATA_OK,reliable
77,104,0.002294891695647494,0.5583363897036089,0.975402504472272,False,0.0,99.77,NO_ALERT,MONITOR,DATA_OK,reliable
77,105,0.009433835496432827,0.5865480353618467,0.9955277280858676,True,0.7763864042933826,75.98,NO_ALERT,INSPECT,DATA_OK,reliable
77,106,0.007758198774705457,0.5633839284909492,0.9794275491949911,False,0.0,99.22,NO_ALERT,MONITOR,DATA_OK,reliable
77,107,0.02366627941400256,0.5870544358756564,0.9955277280858676,True,0.7763864042933826,74.89,NO_ALERT,INSPECT,DATA_OK,reliable
77,108,0.017926606328005745,0.5576632982424733,0.9749552772808586,False,0.0,98.21,NO_ALERT,MONITOR,DATA_OK,reliable
77,109,0.05126518975324095,0.5852383495900526,0.9950805008944544,True,0.7540250447227219,73.41,NO_ALERT,INSPECT,DATA_OK,reliable
77,110,0.04836127776313238,0.5636604429365563,0.9794275491949911,False,0.0,95.16,NO_ALERT,MONITOR,DATA_OK,reliable
77,111,0.11605153720614494,0.593341592150866,0.9973166368515206,True,0.8658318425760306,65.43,ALERT,SCHEDULE MAINTENANCE,DATA_OK,reliable
77,112,0.056667033086320276,0.5742050459114642,0.9883720930232558,True,0.41860465116279016,82.49,NO_ALERT,INSPECT,DATA_OK,reliable
77,113,0.11380609628722747,0.6433356382782909,1.0,True,1.0,62.03,ALERT,SCHEDULE MAINTENANCE,DATA_OK,reliable
77,114,0.1198898964722854,0.6101025692543522,0.9995527728085868,True,0.9776386404293393,62.2,ALERT,SCHEDULE MAINTENANCE,DATA_OK,reliable
77,115,0.1757185292646691,0.6048040377329288,0.9991055456171736,True,0.9552772808586787,58.81,ALERT,SCHEDULE MAINTENANCE,DATA_OK,reliable
77,116,0.1404227957754803,0.617721625597616,1.0,True,1.0,60.17,ALERT,SCHEDULE MAINTENANCE,DATA_OK,reliable
77,117,0.19600263367953996,0.6290575333356436,1.0,True,1.0,56.28,ALERT,SCHEDULE MAINTENANCE,DATA_OK,reliable
77,118,0.18694626280816268,0.6432587921643974,1.0,True,1.0,56.91,ALERT,SCHEDULE MAINTENANCE,DATA_OK,reliable
77,119,0.2583095504209299,0.6061952911992531,0.9995527728085868,True,0.9776386404293393,52.42,ALERT,SCHEDULE MAINTENANCE,DATA_OK,reliable
77,120,0.11227731800136742,0.6242425701005867,1.0,True,1.0,62.14,ALERT,SCHEDULE MAINTENANCE,DATA_OK,reliable
77,121,0.11065182153144841,0.6245370040950192,1.0,True,1.0,62.25,ALERT,SCHEDULE MAINTENANCE,DATA_OK,reliable
77,122,0.10156212661315282,0.6355282718278693,1.0,True,1.0,62.89,ALERT,SCHEDULE MAINTENANCE,DATA_OK,reliable
77,123,0.09552733891998702,0.6150707929301333,0.9995527728085868,True,0.9776386404293393,63.92,NO_ALERT,INSPECT,DATA_OK,reliable
77,124,0.07198420612390614,0.637567572233666,1.0,True,1.0,64.96,NO_ALERT,INSPECT,DATA_OK,reliable
77,125,0.26412225548617607,0.6607362210337874,1.0,True,1.0,51.51,ALERT,SCHEDULE MAINTENANCE,DATA_OK,reliable
77,126,0.09563475256715685,0.6265183241514792,1.0,True,1.0,63.31,NO_ALERT,INSPECT,DATA_OK,reliable
77,127,0.3592165467615162,0.6540941114656929,1.0,True,1.0,44.85,ALERT,SCHEDULE MAINTENANCE,DATA_OK,reliable
77,128,0.35765702354320583,0.6656665829498961,1.0,True,1.0,44.96,ALERT,SCHEDULE MAINTENANCE,DATA_OK,reliable
77,129,0.26802989200141014,0.6551525820260998,1.0,True,1.0,51.24,ALERT,SCHEDULE MAINTENANCE,DATA_OK,reliable
77,130,0.2716555995999872,0.6512187175533882,1.0,True,1.0,50.98,ALERT,SCHEDULE MAINTENANCE,DATA_OK,reliable
77,131,0.20105954007931306,0.6414150479593738,1.0,True,1.0,55.93,ALERT,SCHEDULE MAINTENANCE,DATA_OK,reliable
77,132,0.3719054341130915,0.6890624978976146,1.0,True,1.0,43.97,ALERT,SCHEDULE MAINTENANCE,DATA_OK,reliable
77,133,0.12948463164407528,0.6573935225751287,1.0,True,1.0,60.94,ALERT,SCHEDULE MAINTENANCE,DATA_OK,reliable
77,134,0.15724699775393425,0.6524152336080016,1.0,True,1.0,58.99,ALERT,SCHEDULE MAINTENANCE,DATA_OK,reliable
77,135,0.4464700880569464,0.6722032762308319,1.0,True,1.0,38.75,ALERT,SCHEDULE MAINTENANCE,DATA_OK,reliable
77,136,0.7344649838616281,0.6681199537543102,1.0,True,1.0,18.59,ALERT,URGENT REVIEW,DATA_OK,reliable
77,137,0.8848718739295173,0.6901883478260933,1.0,True,1.0,8.06,ALERT,URGENT REVIEW,DATA_OK,reliable
77,138,0.8950260216682927,0.6870208638110404,1.0,True,1.0,7.35,ALERT,URGENT REVIEW,DATA_OK,reliable
77,139,0.9480078610428653,0.6904455400604762,1.0,True,1.0,3.64,ALERT,URGENT REVIEW,DATA_OK,reliable
77,140,0.9747599917885639,0.6960827430953761,1.0,True,1.0,1.77,ALERT,URGENT REVIEW,DATA_OK,reliable
77,141,0.9211036060560814,0.6881771870532845,1.0,True,1.0,5.52,ALERT,URGENT REVIEW,DATA_OK,reliable
77,142,0.9669976715397568,0.6821090882544136,1.0,True,1.0,2.31,ALERT,URGENT REVIEW,DATA_OK,reliable
77,143,0.9587226416339625,0.6926785754247168,1.0,True,1.0,2.89,ALERT,URGENT REVIEW,DATA_OK,reliable
77,144,0.974875893807971,0.7017378288474816,1.0,True,1.0,1.76,ALERT,URGENT REVIEW,DATA_OK,reliable
77,145,0.9835655836134569,0.6977349817769877,1.0,True,1.0,1.15,ALERT,URGENT REVIEW,DATA_OK,reliable
77,146,0.9812378273142225,0.7006085944837792,1.0,True,1.0,1.31,ALERT,URGENT REVIEW,DATA_OK,reliable
77,147,0.9725651754699272,0.6866833860656316,1.0,True,1.0,1.92,ALERT,URGENT REVIEW,DATA_OK,reliable
77,148,0.9617393978618503,0.6969931748667048,1.0,True,1.0,2.68,ALERT,URGENT REVIEW,DATA_OK,reliable
77,149,0.9760554629745801,0.7111447938412715,1.0,True,1.0,1.68,ALERT,URGENT REVIEW,DATA_OK,reliable
77,150,0.9925874785402758,0.7112481306635676,1.0,True,1.0,0.52,ALERT,URGENT REVIEW,DATA_OK,reliable
77,151,0.984644764980482,0.7068444273114388,1.0,True,1.0,1.07,ALERT,URGENT REVIEW,DATA_OK,reliable
77,152,0.9783916434948697,0.709313751948668,1.0,True,1.0,1.51,ALERT,URGENT REVIEW,DATA_OK,reliable
77,153,0.9750329698321809,0.7155171948434756,1.0,True,1.0,1.75,ALERT,URGENT REVIEW,DATA_OK,reliable
77,154,0.9837124544007669,0.714174726958788,1.0,True,1.0,1.14,ALERT,URGENT REVIEW,DATA_OK,reliable
97,1,0.0001704521034671427,0.5049833639516971,0.8899821109123435,False,0.0,99.98,NO_ALERT,MONITOR,DATA_OK,reliable
97,2,0.0003503202799028089,0.4765473852535355,0.7625223613595706,False,0.0,99.96,NO_ALERT,MONITOR,DATA_OK,reliable
97,3,0.0008299036915938914,0.47268532793701096,0.7347942754919499,False,0.0,99.92,NO_ALERT,MONITOR,DATA_OK,reliable
97,4,0.0006397542778896256,0.47313484934246214,0.738819320214669,False,0.0,99.94,NO_ALERT,MONITOR,DATA_OK,reliable
97,5,0.0012648590259651303,0.4588762803200227,0.627906976744186,False,0.0,99.87,NO_ALERT,MONITOR,DATA_OK,reliable
97,6,0.0007188395592619734,0.45260129670925175,0.5496422182468694,False,0.0,99.93,NO_ALERT,MONITOR,DATA_OK,reliable
97,7,0.001274955633762534,0.4578195435710835,0.6162790697674418,False,0.0,99.87,NO_ALERT,MONITOR,DATA_OK,reliable
97,8,0.0006360466073877977,0.4481888616232385,0.4977638640429338,False,0.0,99.94,NO_ALERT,MONITOR,DATA_OK,reliable
97,9,0.0004783729183488519,0.46800268548810664,0.7016994633273703,False,0.0,99.95,NO_ALERT,MONITOR,DATA_OK,reliable
97,10,0.0007781897151466311,0.46405152163413266,0.6681574239713775,False,0.0,99.92,NO_ALERT,MONITOR,DATA_OK,reliable
97,11,0.0007389694444576036,0.45329875081896837,0.5594812164579607,False,0.0,99.93,NO_ALERT,MONITOR,DATA_OK,reliable
97,12,0.00040858316091584284,0.4764935309058062,0.7620751341681574,False,0.0,99.96,NO_ALERT,MONITOR,DATA_OK,reliable
97,13,0.0003296716852233009,0.44631783373844053,0.47227191413237923,False,0.0,99.97,NO_ALERT,MONITOR,DATA_OK,reliable
97,14,0.00032464321923472136,0.461062254348488,0.6435599284436494,False,0.0,99.97,NO_ALERT,MONITOR,DATA_OK,reliable
97,15,0.000363677273396688,0.4572660724261337,0.6077817531305904,False,0.0,99.96,NO_ALERT,MONITOR,DATA_OK,reliable
97,16,0.00025899095196681404,0.4660762714895804,0.6833631484794276,False,0.0,99.97,NO_ALERT,MONITOR,DATA_OK,reliable
97,17,0.00027929580834364684,0.438086391421586,0.35152057245080504,False,0.0,99.97,NO_ALERT,MONITOR,DATA_OK,reliable
97,18,0.00026922587630793073,0.46534170112910944,0.6771019677996423,False,0.0,99.97,NO_ALERT,MONITOR,DATA_OK,reliable
97,19,0.0001615056178894085,0.45360445314355,0.5617173524150268,False,0.0,99.98,NO_ALERT,MONITOR,DATA_OK,reliable
97,20,0.00019631587182187396,0.4555674808116545,0.5894454382826476,False,0.0,99.98,NO_ALERT,MONITOR,DATA_OK,reliable
97,21,0.0002851487070755674,0.44815459159827203,0.49686940966010734,False,0.0,99.97,NO_ALERT,MONITOR,DATA_OK,reliable
97,22,0.0003105690441048904,0.4416881647404472,0.4016100178890877,False,0.0,99.97,NO_ALERT,MONITOR,DATA_OK,reliable
97,23,0.00027296063731943463,0.45753558218160717,0.610912343470483,False,0.0,99.97,NO_ALERT,MONITOR,DATA_OK,reliable
97,24,0.000408149480381412,0.4556656921647641,0.592128801431127,False,0.0,99.96,NO_ALERT,MONITOR,DATA_OK,reliable
97,25,0.00023943818223435363,0.4646910087726607,0.6717352415026834,False,0.0,99.98,NO_ALERT,MONITOR,DATA_OK,reliable
97,26,0.0002223188485259394,0.4457233728183782,0.4619856887298748,False,0.0,99.98,NO_ALERT,MONITOR,DATA_OK,reliable
97,27,0.00030685808051551724,0.46212759044254476,0.6511627906976745,False,0.0,99.97,NO_ALERT,MONITOR,DATA_OK,reliable
97,28,0.0002611317807672516,0.46564701201396563,0.6797853309481217,False,0.0,99.97,NO_ALERT,MONITOR,DATA_OK,reliable
97,29,0.0003508637854211302,0.5003489243543423,0.872093023255814,False,0.0,99.96,NO_ALERT,MONITOR,DATA_OK,reliable
97,30,0.00030674119171285216,0.471114992295429,0.723613595706619,False,0.0,99.97,NO_ALERT,MONITOR,DATA_OK,reliable
97,31,0.00039868882725177545,0.46808665840914004,0.7034883720930233,False,0.0,99.96,NO_ALERT,MONITOR,DATA_OK,reliable
97,32,0.0002566526561521434,0.45919162731217233,0.6301431127012522,False,0.0,99.97,NO_ALERT,MONITOR,DATA_OK,reliable
97,33,0.0003876422911228752,0.4711119939455835,0.723613595706619,False,0.0,99.96,NO_ALERT,MONITOR,DATA_OK,reliable
97,34,0.0003404060206689898,0.4674013805253958,0.697227191413238,False,0.0,99.97,NO_ALERT,MONITOR,DATA_OK,reliable
97,35,0.00040426215849381276,0.4757417583505746,0.7571556350626119,False,0.0,99.96,NO_ALERT,MONITOR,DATA_OK,reliable
97,36,0.0006030722689474084,0.44586553785592914,0.4655635062611807,False,0.0,99.94,NO_ALERT,MONITOR,DATA_OK,reliable
97,37,0.00048421693160439556,0.44065171434537476,0.3881932021466905,False,0.0,99.95,NO_ALERT,MONITOR,DATA_OK,reliable
97,38,0.0004341992255620151,0.4621960798501956,0.6516100178890877,False,0.0,99.96,NO_ALERT,MONITOR,DATA_OK,reliable
97,39,0.000227499470725101,0.46596952551380133,0.6820214669051878,False,0.0,99.98,NO_ALERT,MONITOR,DATA_OK,reliable
97,40,0.00015899436254871783,0.43527332593215134,0.31216457960644006,False,0.0,99.98,NO_ALERT,MONITOR,DATA_OK,reliable
97,41,0.0001902998314709433,0.4280656222013115,0.2182468694096601,False,0.0,99.98,NO_ALERT,MONITOR,DATA_OK,reliable
97,42,0.00039272939723242775,0.4593389543477599,0.6310375670840788,False,0.0,99.96,NO_ALERT,MONITOR,DATA_OK,reliable
97,43,0.0003267797840013748,0.4471730504583047,0.48434704830053665,False,0.0,99.97,NO_ALERT,MONITOR,DATA_OK,reliable
97,44,0.00024175426838025807,0.43393604003390635,0.2947227191413238,False,0.0,99.98,NO_ALERT,MONITOR,DATA_OK,reliable
97,45,0.00032403159097170757,0.44984700484590073,0.5219141323792487,False,0.0,99.97,NO_ALERT,MONITOR,DATA_OK,reliable
97,46,0.0003369878996856409,0.4360612384309866,0.32468694096601075,False,0.0,99.97,NO_ALERT,MONITOR,DATA_OK,reliable
97,47,0.0001643834471723942,0.45425994506370165,0.5684257602862254,False,0.0,99.98,NO_ALERT,MONITOR,DATA_OK,reliable
97,48,0.00022537946023057628,0.448197693602752,0.4977638640429338,False,0.0,99.98,NO_ALERT,MONITOR,DATA_OK,reliable
97,49,0.0003487125528316647,0.4669992503865233,0.6905187835420393,False,0.0,99.97,NO_ALERT,MONITOR,DATA_OK,reliable
97,50,0.0003165792622262192,0.46242378360347675,0.6533989266547406,False,0.0,99.97,NO_ALERT,MONITOR,DATA_OK,reliable
97,51,0.00030922958239408874,0.4480262007705404,0.49552772808586765,False,0.0,99.97,NO_ALERT,MONITOR,DATA_OK,reliable
97,52,0.0002416972957800274,0.44846580069985514,0.4995527728085868,False,0.0,99.98,NO_ALERT,MONITOR,DATA_OK,reliable
97,53,0.0003049672781241185,0.45804468296491996,0.6194096601073346,False,0.0,99.97,NO_ALERT,MONITOR,DATA_OK,reliable
97,54,0.000307617108167855,0.45596353402096207,0.5957066189624329,False,0.0,99.97,NO_ALERT,MONITOR,DATA_OK,reliable
97,55,0.0003754404235435449,0.46171274283002384,0.6471377459749553,False,0.0,99.96,NO_ALERT,MONITOR,DATA_OK,reliable
97,56,0.0007266723919076976,0.4526039870464338,0.5496422182468694,False,0.0,99.93,NO_ALERT,MONITOR,DATA_OK,reliable
97,57,0.00021952372759572505,0.44310908309968566,0.42620751341681573,False,0.0,99.98,NO_ALERT,MONITOR,DATA_OK,reliable
97,58,0.0002936113391141774,0.46706680687855157,0.6905187835420393,False,0.0,99.97,NO_ALERT,MONITOR,DATA_OK,reliable
97,59,0.00026452926193199785,0.44311932829522727,0.42620751341681573,False,0.0,99.97,NO_ALERT,MONITOR,DATA_OK,reliable
97,60,0.0002334193089047102,0.44457913382681874,0.4458855098389982,False,0.0,99.98,NO_ALERT,MONITOR,DATA_OK,reliable
97,61,0.0002680967114167173,0.4318234587927555,0.26654740608228983,False,0.0,99.97,NO_ALERT,MONITOR,DATA_OK,reliable
97,62,0.0002007386068745887,0.43155187287395713,0.2629695885509839,False,0.0,99.98,NO_ALERT,MONITOR,DATA_OK,reliable
97,63,0.00020114419546995378,0.43609813218114934,0.32513416815742396,False,0.0,99.98,NO_ALERT,MONITOR,DATA_OK,reliable
97,64,0.00027201007008204715,0.44997770703857987,0.5223613595706619,False,0.0,99.97,NO_ALERT,MONITOR,DATA_OK,reliable
97,65,0.00017783276431268226,0.4357460699564763,0.31797853309481217,False,0.0,99.98,NO_ALERT,MONITOR,DATA_OK,reliable
97,66,0.000197792928240071,0.44174884538725495,0.40250447227191416,False,0.0,99.98,NO_ALERT,MONITOR,DATA_OK,reliable
97,67,0.00018985445727786004,0.43491229736097164,0.3081395348837209,False,0.0,99.98,NO_ALERT,MONITOR,DATA_OK,reliable
97,68,0.0002506845200207582,0.4338038599659164,0.29159212880143115,False,0.0,99.97,NO_ALERT,MONITOR,DATA_OK,reliable
97,69,0.0006743277317784733,0.4340664477649658,0.2983005366726297,False,0.0,99.93,NO_ALERT,MONITOR,DATA_OK,reliable
97,70,0.0005293383237686722,0.4510878795080294,0.5339892665474061,False,0.0,99.95,NO_ALERT,MONITOR,DATA_OK,reliable
97,71,0.00031500161566777726,0.44147986545769763,0.39803220035778175,False,0.0,99.97,NO_ALERT,MONITOR,DATA_OK,reliable
97,72,0.0003614217275504199,0.42152597974175887,0.13372093023255813,False,0.0,99.96,NO_ALERT,MONITOR,DATA_OK,reliable
97,73,0.0002720869184597133,0.42567213241063084,0.18336314847942756,False,0.0,99.97,NO_ALERT,MONITOR,DATA_OK,reliable
97,74,0.00029926888211432554,0.43203877147260855,0.268783542039356,False,0.0,99.97,NO_ALERT,MONITOR,DATA_OK,reliable
97,75,0.00021801986970808258,0.4399225784861817,0.37880143112701253,False,0.0,99.98,NO_ALERT,MONITOR,DATA_OK,reliable
97,76,0.0001593141089002227,0.438996665173885,0.370304114490161,False,0.0,99.98,NO_ALERT,MONITOR,DATA_OK,reliable
97,77,0.00016015193566047944,0.4447312369097884,0.4472271914132379,False,0.0,99.98,NO_ALERT,MONITOR,DATA_OK,reliable
97,78,0.0001649149413061903,0.442654138057489,0.4186046511627907,False,0.0,99.98,NO_ALERT,MONITOR,DATA_OK,reliable
97,79,0.0001952195294071565,0.43696618282010175,0.3340787119856887,False,0.0,99.98,NO_ALERT,MONITOR,DATA_OK,reliable
97,80,0.000253674132526327,0.44303909120252943,0.42441860465116277,False,0.0,99.97,NO_ALERT,MONITOR,DATA_OK,reliable
97,81,0.00045226735635631296,0.43588978897137926,0.3211091234347048,False,0.0,99.95,NO_ALERT,MONITOR,DATA_OK,reliable
97,82,0.0006963289308423852,0.41614276082560814,0.0778175313059034,False,0.0,99.93,NO_ALERT,MONITOR,DATA_OK,reliable
97,83,0.0004815638798367774,0.4303665302017027,0.24821109123434704,False,0.0,99.95,NO_ALERT,MONITOR,DATA_OK,reliable
97,84,0.0008964287892841142,0.442970262283705,0.42352415026833634,False,0.0,99.91,NO_ALERT,MONITOR,DATA_OK,reliable
97,85,0.0004956966754855332,0.4237697657462056,0.1605545617173524,False,0.0,99.95,NO_ALERT,MONITOR,DATA_OK,reliable
97,86,0.00046766587348852357,0.43474332520382,0.30590339892665475,False,0.0,99.95,NO_ALERT,MONITOR,DATA_OK,reliable
97,87,0.00035849843376407084,0.4402503556029671,0.3832737030411449,False,0.0,99.96,NO_ALERT,MONITOR,DATA_OK,reliable
97,88,0.00017881302510375734,0.44956653151315595,0.5161001788908766,False,0.0,99.98,NO_ALERT,MONITOR,DATA_OK,reliable
97,89,0.00031045412994056595,0.4542778024091124,0.5693202146690519,False,0.0,99.97,NO_ALERT,MONITOR,DATA_OK,reliable
97,90,0.0003173440010503184,0.4167978840378001,0.0836314847942755,False,0.0,99.97,NO_ALERT,MONITOR,DATA_OK,reliable
97,91,0.0005834004611164478,0.4319443611340022,0.2678890876565295,False,0.0,99.94,NO_ALERT,MONITOR,DATA_OK,reliable
97,92,0.0003595972715593303,0.42288004070330903,0.14713774597495527,False,0.0,99.96,NO_ALERT,MONITOR,DATA_OK,reliable
97,93,0.0002753292626942995,0.41591543347007714,0.07647584973166369,False,0.0,99.97,NO_ALERT,MONITOR,DATA_OK,reliable
97,94,0.0006510661101812586,0.42865166556322204,0.22674418604651161,False,0.0,99.93,NO_ALERT,MONITOR,DATA_OK,reliable
97,95,0.001007893387921504,0.44814206001722395,0.49686940966010734,False,0.0,99.9,NO_ALERT,MONITOR,DATA_OK,reliable
97,96,0.0004230122271885281,0.4010746024457925,0.006261180679785331,False,0.0,99.96,NO_ALERT,MONITOR,DATA_OK,reliable
97,97,0.00033010447808439993,0.40252094931133314,0.011180679785330949,False,0.0,99.97,NO_ALERT,MONITOR,DATA_OK,reliable
97,98,0.0002600960775450615,0.41146766573649096,0.04159212880143113,False,0.0,99.97,NO_ALERT,MONITOR,DATA_OK,reliable
97,99,0.00016028349690978298,0.4545740987322601,0.5724508050089445,False,0.0,99.98,NO_ALERT,MONITOR,DATA_OK,reliable
97,100,0.00018605458579633335,0.416039256496617,0.07737030411449015,False,0.0,99.98,NO_ALERT,MONITOR,DATA_OK,reliable
97,101,0.00025270418217923266,0.4082742127355089,0.028622540250447227,False,0.0,99.97,NO_ALERT,MONITOR,DATA_OK,reliable
97,102,0.00021316216773934507,0.4138701833224963,0.061270125223613595,False,0.0,99.98,NO_ALERT,MONITOR,DATA_OK,reliable
97,103,0.00025572900538292637,0.4205042425494875,0.12254025044722719,False,0.0,99.97,NO_ALERT,MONITOR,DATA_OK,reliable
97,104,0.0005045407182579809,0.41091346765362,0.03667262969588551,False,0.0,99.95,NO_ALERT,MONITOR,DATA_OK,reliable
97,105,0.0004705968935094357,0.4019056323397078,0.00849731663685152,False,0.0,99.95,NO_ALERT,MONITOR,DATA_OK,reliable
97,106,0.0003997761597556651,0.4132497548977833,0.055008944543828264,False,0.0,99.96,NO_ALERT,MONITOR,DATA_OK,reliable
97,107,0.0002522878615195997,0.4093857957740967,0.03041144901610018,False,0.0,99.97,NO_ALERT,MONITOR,DATA_OK,reliable
97,108,0.0005549025488806298,0.4280900628388606,0.2182468694096601,False,0.0,99.94,NO_ALERT,MONITOR,DATA_OK,reliable
97,109,0.0002972681162257689,0.4197250723651597,0.11538461538461539,False,0.0,99.97,NO_ALERT,MONITOR,DATA_OK,reliable
97,110,0.00018294995480196274,0.4079469742921773,0.027728085867620753,False,0.0,99.98,NO_ALERT,MONITOR,DATA_OK,reliable
97,111,0.00023066679529395851,0.4801722314468406,0.7826475849731663,False,0.0,99.98,NO_ALERT,MONITOR,DATA_OK,reliable
97,112,0.00036770641822229776,0.4080668055237975,0.028622540250447227,False,0.0,99.96,NO_ALERT,MONITOR,DATA_OK,reliable
97,113,0.00047502758672772445,0.4079588479352786,0.027728085867620753,False,0.0,99.95,NO_ALERT,MONITOR,DATA_OK,reliable
97,114,0.00040108669819730617,0.41373520087025584,0.06082289803220036,False,0.0,99.96,NO_ALERT,MONITOR,DATA_OK,reliable
97,115,0.0002803930793228547,0.4337721755059435,0.29159212880143115,False,0.0,99.97,NO_ALERT,MONITOR,DATA_OK,reliable
97,116,0.00022780340999336876,0.4334270195912431,0.28667262969588553,False,0.0,99.98,NO_ALERT,MONITOR,DATA_OK,reliable
97,117,0.00023411068614650774,0.41395718906113754,0.0626118067978533,False,0.0,99.98,NO_ALERT,MONITOR,DATA_OK,reliable
97,118,0.0006397703321996612,0.45300163222855416,0.5585867620751341,False,0.0,99.94,NO_ALERT,MONITOR,DATA_OK,reliable
97,119,0.0005787617157053882,0.431769237960381,0.26610017889087656,False,0.0,99.94,NO_ALERT,MONITOR,DATA_OK,reliable
97,120,0.0003525479350624522,0.41738705555924793,0.08810375670840787,False,0.0,99.96,NO_ALERT,MONITOR,DATA_OK,reliable
97,121,0.00035054393461066017,0.4010904276302305,0.006261180679785331,False,0.0,99.96,NO_ALERT,MONITOR,DATA_OK,reliable
97,122,0.00027288966090188986,0.42544823903528584,0.18202146690518783,False,0.0,99.97,NO_ALERT,MONITOR,DATA_OK,reliable
97,123,0.0007089661073724446,0.42413213167074165,0.1686046511627907,False,0.0,99.93,NO_ALERT,MONITOR,DATA_OK,reliable
97,124,0.0005675329067373411,0.4306181448056121,0.2522361359570662,False,0.0,99.94,NO_ALERT,MONITOR,DATA_OK,reliable
97,125,0.00039277418625098916,0.4319689023321127,0.2678890876565295,False,0.0,99.96,NO_ALERT,MONITOR,DATA_OK,reliable
97,126,0.0006199294804852643,0.43958517063619573,0.3761180679785331,False,0.0,99.94,NO_ALERT,MONITOR,DATA_OK,reliable
97,127,0.0006361040571318717,0.42962907060323513,0.24105545617173524,False,0.0,99.94,NO_ALERT,MONITOR,DATA_OK,reliable
97,128,0.0015970538617339157,0.4491264004357062,0.5102862254025045,False,0.0,99.84,NO_ALERT,MONITOR,DATA_OK,reliable
97,129,0.0005617667653710154,0.42580880870039056,0.18470483005366725,False,0.0,99.94,NO_ALERT,MONITOR,DATA_OK,reliable
97,130,0.00035143318035489194,0.43395775501437633,0.295169946332737,False,0.0,99.96,NO_ALERT,MONITOR,DATA_OK,reliable
97,131,0.00024811874472931904,0.42360351936646795,0.1569767441860465,False,0.0,99.98,NO_ALERT,MONITOR,DATA_OK,reliable
97,132,0.00018774916465062893,0.4436827772489612,0.434257602862254,False,0.0,99.98,NO_ALERT,MONITOR,DATA_OK,reliable
97,133,0.0002207481504017694,0.4519283923444813,0.5451699463327371,False,0.0,99.98,NO_ALERT,MONITOR,DATA_OK,reliable
97,134,0.00018953547354439535,0.44208962539670144,0.41010733452593917,False,0.0,99.98,NO_ALERT,MONITOR,DATA_OK,reliable
97,135,0.00023105576994537366,0.45206585583757225,0.5460644007155635,False,0.0,99.98,NO_ALERT,MONITOR,DATA_OK,reliable
97,136,0.00027342332797153455,0.4526761654013466,0.5509838998211091,False,0.0,99.97,NO_ALERT,MONITOR,DATA_OK,reliable
97,137,0.00036261029511382343,0.45112547752143944,0.5339892665474061,False,0.0,99.96,NO_ALERT,MONITOR,DATA_OK,reliable
97,138,0.0007600024960647075,0.4893650955818148,0.825134168157424,False,0.0,99.92,NO_ALERT,MONITOR,DATA_OK,reliable
97,139,0.0003949739243659373,0.4572240030499293,0.6064400715563506,False,0.0,99.96,NO_ALERT,MONITOR,DATA_OK,reliable
97,140,0.000953516370091338,0.49364564827262564,0.8407871198568873,False,0.0,99.9,NO_ALERT,MONITOR,DATA_OK,reliable
97,141,0.0005444959555957577,0.5024148716456345,0.8801431127012522,False,0.0,99.95,NO_ALERT,MONITOR,DATA_OK,reliable
97,142,0.0005039169584382068,0.49604935595921845,0.8524150268336315,False,0.0,99.95,NO_ALERT,MONITOR,DATA_OK,reliable
97,143,0.00047722421935614495,0.48393877012259917,0.7996422182468694,False,0.0,99.95,NO_ALERT,MONITOR,DATA_OK,reliable
97,144,0.000574226086614843,0.4896313717411998,0.8264758497316637,False,0.0,99.94,NO_ALERT,MONITOR,DATA_OK,reliable
97,145,0.0010112530278917088,0.48039317487084104,0.7848837209302325,False,0.0,99.9,NO_ALERT,MONITOR,DATA_OK,reliable
97,146,0.0007902634854916781,0.5019905002044084,0.8783542039355993,False,0.0,99.92,NO_ALERT,MONITOR,DATA_OK,reliable
97,147,0.0008484753332789726,0.5260317142789117,0.9391771019677997,False,0.0,99.92,NO_ALERT,MONITOR,DATA_OK,reliable
97,148,0.0014708662630156164,0.5119681672732335,0.9092128801431127,False,0.0,99.85,NO_ALERT,MONITOR,DATA_OK,reliable
97,149,0.0022683547549900733,0.5288999870773744,0.9449910554561717,False,0.0,99.77,NO_ALERT,MONITOR,DATA_OK,reliable
97,150,0.0022262741595753775,0.4965985087763344,0.8542039355992844,False,0.0,99.78,NO_ALERT,MONITOR,DATA_OK,reliable
97,151,0.001255117309209722,0.5029950651012783,0.8828264758497316,False,0.0,99.87,NO_ALERT,MONITOR,DATA_OK,reliable
97,152,0.0005822194079950594,0.5223505460348582,0.932468694096601,False,0.0,99.94,NO_ALERT,MONITOR,DATA_OK,reliable
97,153,0.0007591214051109711,0.5259154297222433,0.9391771019677997,False,0.0,99.92,NO_ALERT,MONITOR,DATA_OK,reliable
97,154,0.0021859829108344907,0.5379265669933299,0.9530411449016101,False,0.0,99.78,NO_ALERT,MONITOR,DATA_OK,reliable
97,155,0.003243458871760909,0.5278975898489843,0.943649373881932,False,0.0,99.68,NO_ALERT,MONITOR,DATA_OK,reliable
97,156,0.0018638635310500769,0.5303975461304649,0.9463327370304114,False,0.0,99.81,NO_ALERT,MONITOR,DATA_OK,reliable
97,157,0.0011610572052493458,0.5042646219406431,0.889087656529517,False,0.0,99.88,NO_ALERT,MONITOR,DATA_OK,reliable
97,158,0.001481978534234848,0.5232228049346351,0.9333631484794276,False,0.0,99.85,NO_ALERT,MONITOR,DATA_OK,reliable
97,159,0.0014543218876560098,0.5385653945843255,0.9534883720930233,False,0.0,99.85,NO_ALERT,MONITOR,DATA_OK,reliable
97,160,0.01703735916643111,0.5723577612880991,0.9861359570661896,True,0.30679785330948145,89.25,NO_ALERT,INSPECT,DATA_OK,reliable
97,161,0.007146489801143489,0.5374363567299026,0.9525939177101967,False,0.0,99.29,NO_ALERT,MONITOR,DATA_OK,reliable
97,162,0.009191002592410224,0.5358868402288287,0.9512522361359571,False,0.0,99.08,NO_ALERT,MONITOR,DATA_OK,reliable
97,163,0.012156776751791975,0.5695445403670615,0.9847942754919499,True,0.239713774597494,91.68,NO_ALERT,INSPECT,DATA_OK,reliable
97,164,0.025257093183378678,0.5383119993269287,0.9530411449016101,False,0.0,97.47,NO_ALERT,MONITOR,DATA_OK,reliable
97,165,0.012247178557823193,0.5383085726776938,0.9530411449016101,False,0.0,98.78,NO_ALERT,MONITOR,DATA_OK,reliable
97,166,0.006820426929787491,0.5302542059027449,0.9463327370304114,False,0.0,99.32,NO_ALERT,MONITOR,DATA_OK,reliable
97,167,0.00719133253489358,0.535208476827996,0.9508050089445438,False,0.0,99.28,NO_ALERT,MONITOR,DATA_OK,reliable
97,168,0.03549132421864171,0.5567699301526716,0.9749552772808586,False,0.0,96.45,NO_ALERT,MONITOR,DATA_OK,reliable
97,169,0.19041279581421375,0.5612404295193615,0.9771914132379249,False,0.0,80.96,ALERT,SCHEDULE MAINTENANCE,DATA_OK,reliable
97,170,0.038250542904050215,0.5577652045817928,0.975402504472272,False,0.0,96.17,NO_ALERT,MONITOR,DATA_OK,reliable
97,171,0.06784101597125257,0.5714279138183895,0.9852415026833632,True,0.2620751341681602,85.89,NO_ALERT,INSPECT,DATA_OK,reliable
97,172,0.13971899118925843,0.5842205767792543,0.9941860465116279,True,0.709302325581395,67.72,ALERT,SCHEDULE MAINTENANCE,DATA_OK,reliable
97,173,0.18342345470153504,0.598058490133435,0.9977638640429338,True,0.8881932021466913,59.9,ALERT,SCHEDULE MAINTENANCE,DATA_OK,reliable
97,174,0.2881190635578546,0.5676158731017111,0.9838998211091234,True,0.19499105545617273,67.02,ALERT,SCHEDULE MAINTENANCE,DATA_OK,reliable
97,175,0.33807066060821367,0.5699777152163021,0.9852415026833632,True,0.2620751341681602,60.99,ALERT,SCHEDULE MAINTENANCE,DATA_OK,reliable
97,176,0.3342418479503453,0.6213686327321783,1.0,True,1.0,46.6,ALERT,SCHEDULE MAINTENANCE,DATA_OK,reliable
97,177,0.7658904627945681,0.6173234724331103,1.0,True,1.0,16.39,ALERT,URGENT REVIEW,DATA_OK,reliable
97,178,0.8885654017646082,0.6412179563241073,1.0,True,1.0,7.8,ALERT,URGENT REVIEW,DATA_OK,reliable
97,179,0.8939372160885276,0.6244164662044313,1.0,True,1.0,7.42,ALERT,URGENT REVIEW,DATA_OK,reliable
97,180,0.9453620725718507,0.6401852266847298,1.0,True,1.0,3.82,ALERT,URGENT REVIEW,DATA_OK,reliable
97,181,0.9030261827897634,0.612641976742553,0.9995527728085868,True,0.9776386404293393,6.85,ALERT,URGENT REVIEW,DATA_OK,reliable
97,182,0.8226609606073811,0.6116568827286338,0.9995527728085868,True,0.9776386404293393,12.53,ALERT,URGENT REVIEW,DATA_OK,reliable
97,183,0.8857860926556886,0.639069213055268,1.0,True,1.0,7.99,ALERT,URGENT REVIEW,DATA_OK,reliable
97,184,0.9138569372229163,0.6461084492542308,1.0,True,1.0,6.03,ALERT,URGENT REVIEW,DATA_OK,reliable
97,185,0.8975010480211152,0.6567897333993117,1.0,True,1.0,7.17,ALERT,URGENT REVIEW,DATA_OK,reliable
97,186,0.8867710871378016,0.673474920068019,1.0,True,1.0,7.93,ALERT,URGENT REVIEW,DATA_OK,reliable
97,187,0.9351022321492513,0.6629851835175818,1.0,True,1.0,4.54,ALERT,URGENT REVIEW,DATA_OK,reliable
97,188,0.9422033632718861,0.6685837427016421,1.0,True,1.0,4.05,ALERT,URGENT REVIEW,DATA_OK,reliable
97,189,0.9459987577898986,0.6772337011278415,1.0,True,1.0,3.78,ALERT,URGENT REVIEW,DATA_OK,reliable
97,190,0.9569663087161494,0.6760346225413678,1.0,True,1.0,3.01,ALERT,URGENT REVIEW,DATA_OK,reliable
97,191,0.9649851293176716,0.6811258517486345,1.0,True,1.0,2.45,ALERT,URGENT REVIEW,DATA_OK,reliable
97,192,0.9800451676396486,0.6880307439173167,1.0,True,1.0,1.4,ALERT,URGENT REVIEW,DATA_OK,reliable
97,193,0.9655247112195489,0.6881031020707434,1.0,True,1.0,2.41,ALERT,URGENT REVIEW,DATA_OK,reliable
97,194,0.9766105331054856,0.6892171246749088,1.0,True,1.0,1.64,ALERT,URGENT REVIEW,DATA_OK,reliable
97,195,0.9781474821088325,0.6984997579382443,1.0,True,1.0,1.53,ALERT,URGENT REVIEW,DATA_OK,reliable
97,196,0.9745210938730572,0.6794235033466535,1.0,True,1.0,1.78,ALERT,URGENT REVIEW,DATA_OK,reliable
97,197,0.981395130412334,0.7006666552491244,1.0,True,1.0,1.3,ALERT,URGENT REVIEW,DATA_OK,reliable
97,198,0.9864596534071607,0.6977233444233373,1.0,True,1.0,0.95,ALERT,URGENT REVIEW,DATA_OK,reliable
97,199,0.9913804589198791,0.7092108146990151,1.0,True,1.0,0.6,ALERT,URGENT REVIEW,DATA_OK,reliable
97,200,0.9924973090810052,0.7066436873417865,1.0,True,1.0,0.53,ALERT,URGENT REVIEW,DATA_OK,reliable
97,201,0.993973135712566,0.7110620688655356,1.0,True,1.0,0.42,ALERT,URGENT REVIEW,DATA_OK,reliable
97,202,0.9931537775008914,0.7097279597786389,1.0,True,1.0,0.48,ALERT,URGENT REVIEW,DATA_OK,reliable
